Workbook

Sheet ÖRNEK
A1: 46174 | B1: DADA GÜN SONU RAPORU
C2: GÜNLÜK TOPLAM CİRO | E2: =D4+D5+D6+D7+D8+D9+D10+D11+D12 -> 0 | G2: ÜRÜN DETAYI | H2: ÖDENMEZ İKRAMI KULLANAN ADI SAYADI | I2: ÖDENMEZİN TOPLAM TUTARI
A3: KUVER SAYISI TOPLAMI | D3: ORT.K.BAŞI FİYAT | E3: =E2/C3 -> #DIV/0! | L3: SATIŞ FİYATI
A4: TUZ BİBER BİLET | L4: 150
A5: İTİCKET
A6: PASSO BİLET
A7: BİLETİNİ AL
A8: BİLETİNO MÜŞTERİ SAYISI
A9: BİLETİX MÜŞTERİ SAYISI
A10: BU BİLET MÜŞTERİ SAYISI
A11: CARİ HESAP
A12: SALON SATIŞ KİŞİ SAYISI | C12: =C3-C4-C5-C6-C7-C8-C9-C10-C11 -> 0 | D12: =SUM(D13:E16) -> 0
A13: OTOPARK GELİRİ NAKİT
A14: OTOPARK GELİRİ KREDİ KARTI
A15: GÜNLÜK NAKİT
A16: GÜNLÜK KREDİ KARTI
A17: NAKİT VE KREDİ KARTI TOPLAMI
A19: GÜNLÜK KASADAN HARCAMALAR TOPLAMI | D19: =SUM(D21:E33) -> 0
A20: KASA NAKİT HARCAMA DETAYI | B20: AÇIKLAMA | D20: TUTAR
A34: YÖNETİME TESLİM EDİLMESİ GEREKEN NAKİT TUTAR | D34: =D15+D13-D19 -> 0
A35: KASA TESLİMATI AÇIKLAMASI
A36: KASA AÇILIŞI TUTARI | B36: YÖNETİMDEN GELEN TUTAR | C36: KASA ÇIKIŞI | D36: KASADA OLMASI GEREKEN TUTAR | E36: REEL KASA MEVCUDU | F36: ANA KASA KAPANIŞ FARKI
A37: ='[1]31'!$E$37 -> 17092.5 | C37: =D19 -> 0 | D37: =A37+B37+D15-C37 -> 17092.5 | E37: =D37 -> 17092.5 | F37: =E37-D37 -> 0
A38: CARİ AÇIKLAMASI | B38: DEVİR BAKİYESİ | C38: YENİ ALIM | D38: ÖDEME | E38: SON BAKİYESİ
A39: NURETTİN ATILMIŞ CARİSİ | B39: ='[1]31'!$E$39 -> 691530 | E39: =B39+C39-D39 -> 691530
A40: DAVUL ÜCRETİ CARİSİ | B40: ='[1]31'!$E$40 -> 0 | E40: =B40+C40-D40 -> 0
A41: ÖDENMEZ İKRAM TOPLAMI | E41: =SUM(E43:E68) -> 0
A42: ÖDENMEZ İKRAMI KULLANAN ADI SAYADI | B42: ÇEK NO | C42: ÇEKİN İÇERİĞİ (ÜRÜN DETAYI | E42: ÖDENMEZİN TOPLAM TUTARI
A70: İŞLETME GİDERLERİ DETAYI | B70: TUTAR
A71: SANATÇI GİDERİ
A72: TEKNİK EKİPMAN GİDERLERİ
A73: MATMAZEL COCO
A74: YEMEK GİDERİ BİRLİK GIDA SET MENÜ
A75: İÇECEK KDV Sİ | B75: =B77*0.1568 -> 0
A76: %10 SERVİS ÜCRETİ ÖDENECEK TUTAR
A77: İÇECEK SATIŞ VE ÖDENMEZ MALİYETİ
A78: =A19 -> GÜNLÜK KASADAN HARCAMALAR TOPLAMI | B78: =D19 -> 0
A79: PERSONEL YEMEK 35 ADET
A81: İŞLETME GİDERLERİ | B81: =SUM(B71:B80) -> 0 | C81: =E2-B81 -> 0 | H81: Gn. Toplam | I81: =SUM(I3:I77) -> 0
H82: FARK | I82: =I81-E41 -> 0
A83: KAPANIŞ DEĞERLENDİRMESİ
H84: SERVİS ÜCRETİ
A93: Raporu Hazırlayan Adı Soyadı | B93: Batuhan ÖZEL

Sheet 1
A1: 46174 | B1: DADA SALON KABARETT GÜN SONU RAPORU
C2: GÜNLÜK TOPLAM CİRO | E2: =D4+D5+D6+D7+D8+D9+D10+D11+D12 -> 0 | G2: ÜRÜN DETAYI | H2: ÖDENMEZ İKRAMI KULLANAN ADI SAYADI | I2: ÖDENMEZİN TOPLAM TUTARI
A3: KUVER SAYISI TOPLAMI | D3: ORT.K.BAŞI FİYAT | E3: =E2/C3 -> #DIV/0! | L3: SATIŞ FİYATI
A4: TUZ BİBER BİLET
A5: İTİCKET
A6: PASSO BİLET
A7: BİLETİNİ AL
A8: BİLETİNO MÜŞTERİ SAYISI
A9: BİLETİX MÜŞTERİ SAYISI | L9: 150
A10: BU BİLET MÜŞTERİ SAYISI
A11: CARİ HESAP
A12: SALON SATIŞ KİŞİ SAYISI | C12: =C3-C4-C5-C6-C7-C8-C9-C10-C11 -> 0 | D12: =SUM(D13:E16) -> 0
A13: OTOPARK GELİRİ NAKİT
A14: OTOPARK GELİRİ KREDİ KARTI
A15: GÜNLÜK NAKİT
A16: GÜNLÜK KREDİ KARTI
A17: NAKİT VE KREDİ KARTI TOPLAMI
A19: GÜNLÜK KASADAN HARCAMALAR TOPLAMI | D19: =SUM(D21:E33) -> 0
A20: KASA NAKİT HARCAMA DETAYI | B20: AÇIKLAMA | D20: TUTAR
A34: YÖNETİME TESLİM EDİLMESİ GEREKEN NAKİT TUTAR | D34: =D15+D13-D19 -> 0
A35: KASA TESLİMATI AÇIKLAMASI
A36: KASA AÇILIŞI TUTARI | B36: YÖNETİMDEN GELEN TUTAR | C36: KASA ÇIKIŞI | D36: KASADA OLMASI GEREKEN TUTAR | E36: REEL KASA MEVCUDU | F36: ANA KASA KAPANIŞ FARKI
A37: 3748.48 | C37: =D19 -> 0 | D37: =A37+B37+D15-C37 -> 3748.48 | E37: =D37 -> 3748.48 | F37: =E37-D37 -> 0
A38: CARİ AÇIKLAMASI | B38: DEVİR BAKİYESİ | C38: YENİ ALIM | D38: ÖDEME | E38: SON BAKİYESİ
A39: NURETTİN ATILMIŞ CARİSİ | B39: 918220 | E39: =B39+C39-D39 -> 918220
A40: DAVUL ÜCRETİ CARİSİ | B40: 0 | E40: =B40+C40-D40 -> 0
A41: ÖDENMEZ İKRAM TOPLAMI | E41: =SUM(E43:E68) -> 0
A42: ÖDENMEZ İKRAMI KULLANAN ADI SAYADI | B42: ÇEK NO | C42: ÇEKİN İÇERİĞİ (ÜRÜN DETAYI | E42: ÖDENMEZİN TOPLAM TUTARI
A70: İŞLETME GİDERLERİ DETAYI | B70: TUTAR
A71: SANATÇI GİDERİ
A72: TEKNİK EKİPMAN GİDERLERİ
A73: MATMAZEL COCO
A74: YEMEK GİDERİ BİRLİK GIDA SET MENÜ
A75: İÇECEK KDV Sİ | B75: =B77*0.1568 -> 0
A76: %10 SERVİS ÜCRETİ ÖDENECEK TUTAR
A77: İÇECEK SATIŞ VE ÖDENMEZ MALİYETİ
A78: =A19 -> GÜNLÜK KASADAN HARCAMALAR TOPLAMI | B78: =D19 -> 0
A79: PERSONEL YEMEK 35 ADET
A81: İŞLETME GİDERLERİ | B81: =SUM(B71:B80) -> 0 | C81: =E2-B81 -> 0 | H81: Gn. Toplam | I81: =SUM(I3:I77) -> 0
H82: FARK | I82: =I81-E41 -> 0
A83: KAPANIŞ DEĞERLENDİRMESİ
H84: SERVİS ÜCRETİ
A93: Raporu Hazırlayan Adı Soyadı | B93: Batuhan ÖZEL

Sheet 2
A1: ='1'!A1+1 -> 46175 | B1: ='1'!B1:E1 -> DADA SALON KABARETT GÜN SONU RAPORU
C2: GÜNLÜK TOPLAM CİRO | E2: =D4+D5+D6+D7+D8+D9+D11+D12 -> 0 | G2: ÜRÜN DETAYI | H2: ÖDENMEZ İKRAMI KULLANAN ADI SAYADI | I2: ÖDENMEZİN TOPLAM TUTARI
A3: KUVER SAYISI TOPLAMI | D3: ORT.K.BAŞI FİYAT | E3: =E2/C3 -> #DIV/0! | L3: SATIŞ FİYATI
A4: TUZ BİBER BİLET
A5: İTİCKET
A6: PASSO BİLET
A7: BİLETİNİ AL
A8: BİLETİNO MÜŞTERİ SAYISI
A9: BİLETİX MÜŞTERİ SAYISI | L9: 150
A10: BU BİLET MÜŞTERİ SAYISI
A11: CARİ HESAP
A12: SALON SATIŞ KİŞİ SAYISI | C12: =C3-C4-C5-C6-C7-C8-C9-C10-C11 -> 0 | D12: =SUM(D13:E16) -> 0
A13: OTOPARK GELİRİ NAKİT
A14: OTOPARK GELİRİ KREDİ KARTI
A15: GÜNLÜK NAKİT
A16: GÜNLÜK KREDİ KARTI
A17: NAKİT VE KREDİ KARTI TOPLAMI
A19: GÜNLÜK KASADAN HARCAMALAR TOPLAMI | D19: =SUM(D21:E33) -> 0
A20: KASA NAKİT HARCAMA DETAYI | B20: AÇIKLAMA | D20: TUTAR
A34: YÖNETİME TESLİM EDİLMESİ GEREKEN NAKİT TUTAR | D34: =D15+D13-D19 -> 0
A35: KASA TESLİMATI AÇIKLAMASI
A36: KASA AÇILIŞI TUTARI | B36: YÖNETİMDEN GELEN TUTAR | C36: KASA ÇIKIŞI | D36: KASADA OLMASI GEREKEN TUTAR | E36: REEL KASA MEVCUDU | F36: ANA KASA KAPANIŞ FARKI
A37: ='1'!E37 -> 3748.48 | C37: =D19 -> 0 | D37: =A37+B37+D15-C37 -> 3748.48 | E37: =D37 -> 3748.48 | F37: =E37-D37 -> 0
A38: CARİ AÇIKLAMASI | B38: DEVİR BAKİYESİ | C38: YENİ ALIM | D38: ÖDEME | E38: SON BAKİYESİ
A39: NURETTİN ATILMIŞ CARİSİ | B39: ='1'!E39 -> 918220 | E39: =B39+C39-D39 -> 918220
A40: DAVUL ÜCRETİ CARİSİ | B40: ='1'!E40 -> 0 | E40: =B40+C40-D40 -> 0
A41: ÖDENMEZ İKRAM TOPLAMI | E41: =SUM(E43:E68) -> 0
A42: ÖDENMEZ İKRAMI KULLANAN ADI SAYADI | B42: ÇEK NO | C42: ÇEKİN İÇERİĞİ (ÜRÜN DETAYI | E42: ÖDENMEZİN TOPLAM TUTARI
A70: İŞLETME GİDERLERİ DETAYI | B70: TUTAR
A71: SANATÇI GİDERİ
A72: TEKNİK EKİPMAN GİDERLERİ
A73: MATMAZEL COCO
A74: YEMEK GİDERİ BİRLİK GIDA 224 SET MENÜ
A75: İÇECEK KDV Sİ | B75: =B77*0.1568 -> 0
A76: %10 SERVİS ÜCRETİ ÖDENECEK TUTAR
A77: İÇECEK SATIŞ VE ÖDENMEZ MALİYETİ
A78: =A19 -> GÜNLÜK KASADAN HARCAMALAR TOPLAMI | B78: =D19 -> 0
A79: PERSONEL YEMEK
A81: İŞLETME GİDERLERİ | B81: =SUM(B71:B80) -> 0 | C81: =E2-B81 -> 0 | H81: Gn. Toplam | I81: =SUM(I3:I77) -> 0
H82: FARK | I82: =I81-E41 -> 0
A83: KAPANIŞ DEĞERLENDİRMESİ
H84: SERVİS ÜCRETİ
A93: Raporu Hazırlayan Adı Soyadı | B93: Batuhan ÖZEL

Sheet 3
A1: ='2'!A1+1 -> 46176 | B1: ='1'!B1:E1 -> DADA SALON KABARETT GÜN SONU RAPORU
C2: GÜNLÜK TOPLAM CİRO | E2: =D4+D5+D6+D7+D8+D9+D10+D11+D12 -> 0 | G2: ÜRÜN DETAYI | H2: ÖDENMEZ İKRAMI KULLANAN ADI SAYADI | I2: ÖDENMEZİN TOPLAM TUTARI
A3: KUVER SAYISI TOPLAMI | D3: ORT.K.BAŞI FİYAT | E3: =E2/C3 -> #DIV/0! | L3: SATIŞ FİYATI
A4: TUZ BİBER BİLET
A5: İTİCKET
A6: PASSO BİLET
A7: BİLETİNİ AL | L7: 150
A8: BİLETİNO MÜŞTERİ SAYISI
A9: BİLETİX MÜŞTERİ SAYISI
A10: BU BİLET MÜŞTERİ SAYISI
A11: CARİ HESAP
A12: SALON SATIŞ KİŞİ SAYISI | C12: =C3-C4-C5-C6-C7-C8-C9-C10-C11 -> 0 | D12: =SUM(D13:E16) -> 0
A13: OTOPARK GELİRİ NAKİT
A14: OTOPARK GELİRİ KREDİ KARTI
A15: GÜNLÜK NAKİT
A16: GÜNLÜK KREDİ KARTI
A17: NAKİT VE KREDİ KARTI TOPLAMI
A19: GÜNLÜK KASADAN HARCAMALAR TOPLAMI | D19: =SUM(D21:E33) -> 0
A20: KASA NAKİT HARCAMA DETAYI | B20: AÇIKLAMA | D20: TUTAR
A34: YÖNETİME TESLİM EDİLMESİ GEREKEN NAKİT TUTAR | D34: =D15+D13-D19 -> 0
A35: KASA TESLİMATI AÇIKLAMASI
A36: KASA AÇILIŞI TUTARI | B36: YÖNETİMDEN GELEN TUTAR | C36: KASA ÇIKIŞI | D36: KASADA OLMASI GEREKEN TUTAR | E36: REEL KASA MEVCUDU | F36: ANA KASA KAPANIŞ FARKI
A37: ='2'!E37 -> 3748.48 | C37: =D19 -> 0 | D37: =A37+B37+D15-C37 -> 3748.48 | E37: =D37 -> 3748.48 | F37: =E37-D37 -> 0
A38: CARİ AÇIKLAMASI | B38: DEVİR BAKİYESİ | C38: YENİ ALIM | D38: ÖDEME | E38: SON BAKİYESİ
A39: NURETTİN ATILMIŞ CARİSİ | B39: ='2'!E39 -> 918220 | E39: =B39+C39-D39 -> 918220
A40: DAVUL ÜCRETİ CARİSİ | B40: ='[2]2'!E40 -> 0 | E40: =B40+C40-D40 -> 0
A41: ÖDENMEZ İKRAM TOPLAMI | E41: =SUM(E43:E68) -> 0
A42: ÖDENMEZ İKRAMI KULLANAN ADI SAYADI | B42: ÇEK NO | C42: ÇEKİN İÇERİĞİ (ÜRÜN DETAYI | E42: ÖDENMEZİN TOPLAM TUTARI
A70: İŞLETME GİDERLERİ DETAYI | B70: TUTAR
A71: SANATÇI GİDERİ
A72: TEKNİK EKİPMAN GİDERLERİ
A73: MATMAZEL COCO
A74: YEMEK GİDERİ
A75: İÇECEK KDV Sİ | B75: =B77*0.1568 -> 0
A76: %10 SERVİS ÜCRETİ ÖDENECEK TUTAR
A77: İÇECEK SATIŞ VE ÖDENMEZ MALİYETİ
A78: =A19 -> GÜNLÜK KASADAN HARCAMALAR TOPLAMI | B78: =D19 -> 0
A79: PERSONEL YEMEK 35 ADET
A81: İŞLETME GİDERLERİ | B81: =SUM(B71:B80) -> 0 | C81: =E2-B81 -> 0 | H81: Gn. Toplam | I81: =SUM(I3:I77) -> 0
H82: FARK | I82: =I81-E41 -> 0
A83: KAPANIŞ DEĞERLENDİRMESİ
H84: SERVİS ÜCRETİ
A93: Raporu Hazırlayan Adı Soyadı | B93: Batuhan ÖZEL

Sheet 4
A1: ='3'!A1+1 -> 46177 | B1: ='1'!B1:E1 -> DADA SALON KABARETT GÜN SONU RAPORU
C2: GÜNLÜK TOPLAM CİRO | E2: =D4+D5+D6+D7+D8+D9+D10+D11+D12 -> 0 | G2: ÜRÜN DETAYI | H2: ÖDENMEZ İKRAMI KULLANAN ADI SAYADI | I2: ÖDENMEZİN TOPLAM TUTARI
A3: KUVER SAYISI TOPLAMI | D3: ORT.K.BAŞI FİYAT | E3: =E2/C3 -> #DIV/0! | L3: SATIŞ FİYATI
A4: TUZ BİBER BİLET | L4: 150
A5: İTİCKET
A6: PASSO BİLET
A7: BİLETİNİ AL
A8: BİLETİNO MÜŞTERİ SAYISI
A9: BİLETİX MÜŞTERİ SAYISI
A10: BU BİLET MÜŞTERİ SAYISI
A11: CARİ HESAP
A12: SALON SATIŞ KİŞİ SAYISI | C12: =C3-C4-C5-C6-C7-C8-C9-C10-C11 -> 0 | D12: =SUM(D13:E16) -> 0
A13: OTOPARK GELİRİ NAKİT
A14: OTOPARK GELİRİ KREDİ KARTI
A15: GÜNLÜK NAKİT
A16: GÜNLÜK KREDİ KARTI
A17: NAKİT VE KREDİ KARTI TOPLAMI
A19: GÜNLÜK KASADAN HARCAMALAR TOPLAMI | D19: =SUM(D21:E33) -> 0
A20: KASA NAKİT HARCAMA DETAYI | B20: AÇIKLAMA | D20: TUTAR
A34: YÖNETİME TESLİM EDİLEN NAKİT TUTARI | D34: =D15+D13-D19 -> 0
A35: KASA TESLİMATI AÇIKLAMASI
A36: KASA AÇILIŞI TUTARI | B36: YÖNETİMDEN GELEN TUTAR | C36: KASA ÇIKIŞI | D36: KASADA OLMASI GEREKEN TUTAR | E36: REEL KASA MEVCUDU | F36: ANA KASA KAPANIŞ FARKI
A37: ='3'!E37 -> 3748.48 | C37: =D19 -> 0 | D37: =A37+B37+D15-C37 -> 3748.48 | E37: =D37 -> 3748.48 | F37: =E37-D37 -> 0
A38: CARİ AÇIKLAMASI | B38: DEVİR BAKİYESİ | C38: YENİ ALIM | D38: ÖDEME | E38: SON BAKİYESİ
A39: NURETTİN ATILMIŞ CARİSİ | B39: ='3'!E39 -> 918220 | E39: =B39+C39-D39 -> 918220
A40: DAVUL ÜCRETİ CARİSİ | B40: ='3'!E40 -> 0 | E40: =B40+C40-D40 -> 0
A41: ÖDENMEZ İKRAM TOPLAMI | E41: =SUM(E43:E68) -> 0
A42: ÖDENMEZ İKRAMI KULLANAN ADI SAYADI | B42: ÇEK NO | C42: ÇEKİN İÇERİĞİ (ÜRÜN DETAYI | E42: ÖDENMEZİN TOPLAM TUTARI
A70: İŞLETME GİDERLERİ DETAYI | B70: TUTAR
A71: SANATÇI GİDERİ
A72: TEKNİK EKİPMAN GİDERLERİ
A73: MATMAZEL COCO
A74: YEMEK GİDERİ BİRLİK GIDA 117 SET MENÜ
A75: İÇECEK KDV Sİ | B75: =B77*0.1568 -> 0
A76: %10 SERVİS ÜCRETİ ÖDENECEK TUTAR
A77: İÇECEK SATIŞ VE ÖDENMEZ MALİYETİ
A78: =A19 -> GÜNLÜK KASADAN HARCAMALAR TOPLAMI | B78: =D19 -> 0
A79: PERSONEL YEMEK 55 ADET
A81: İŞLETME GİDERLERİ | B81: =SUM(B71:B80) -> 0 | C81: =E2-B81 -> 0 | H81: Gn. Toplam | I81: =SUM(I3:I77) -> 0
H82: FARK | I82: =I81-E41 -> 0
A83: KAPANIŞ DEĞERLENDİRMESİ
H84: SERVİS ÜCRETİ
A93: Raporu Hazırlayan Adı Soyadı | B93: Batuhan ÖZEL

Sheet 5
A1: ='4'!A1+1 -> 46178 | B1: ='1'!B1:E1 -> DADA SALON KABARETT GÜN SONU RAPORU
C2: GÜNLÜK TOPLAM CİRO | E2: =D4+D5+D6+D7+D8+D9+D10+D11+D12 -> 268265 | G2: ÜRÜN DETAYI | H2: ÖDENMEZ İKRAMI KULLANAN ADI SAYADI | I2: ÖDENMEZİN TOPLAM TUTARI
A3: KUVER SAYISI TOPLAMI | C3: 45 | D3: ORT.K.BAŞI FİYAT | E3: =E2/C3 -> 5961.4444 | L3: SATIŞ FİYATI
A4: TUZ BİBER BİLET
A5: İTİCKET
A6: PASSO BİLET
A7: BİLETİNİ AL | L7: 150
A8: BİLETİNO MÜŞTERİ SAYISI
A9: BİLETİX MÜŞTERİ SAYISI | C9: 2 | D9: 13000
A10: BU BİLET MÜŞTERİ SAYISI
A11: CARİ HESAP | C11: 5 | D11: 29200
A12: SALON SATIŞ KİŞİ SAYISI | C12: =C3-C4-C5-C6-C7-C8-C9-C10-C11 -> 38 | D12: =SUM(D13:E16) -> 226065
A13: OTOPARK GELİRİ NAKİT
A14: OTOPARK GELİRİ KREDİ KARTI
A15: GÜNLÜK NAKİT
A16: GÜNLÜK KREDİ KARTI | D16: 226065
A17: NAKİT VE KREDİ KARTI TOPLAMI
A19: GÜNLÜK KASADAN HARCAMALAR TOPLAMI | D19: =SUM(D21:E33) -> 39930
A20: KASA NAKİT HARCAMA DETAYI | B20: AÇIKLAMA | D20: TUTAR
B21: PERSONEL YOL | D21: 12250
B22: EXTRA PERSONEL 3 KISI | D22: 6500
B23: HAYATI AKSU | D23: 2000
B24: MASA ORTUSU YIKAMA 32 ADET | D24: 960
B25: 10 ADET LED AMPUL | D25: 1010
B26: KABARET TEMIZLIGI | D26: 1000
B27: ELEKTRIKCIYE SAHNE ISTIRIDYELERI ICIN ÖDEME | D27: 1000
B28: BAR ICIN TOZ SEKER,YUMURTA ALIMI | D28: 615
B29: KOLI BANT 3 ADET | D29: 195
B30: BAR ICIN PEYNIR ALIMI | D30: 14400
A34: YÖNETİME TESLİM EDİLMESİ GEREKEN NAKİT TUTAR | D34: =D15+D13-D19 -> -39930
A35: KASA TESLİMATI AÇIKLAMASI
A36: KASA AÇILIŞI TUTARI | B36: YÖNETİMDEN GELEN TUTAR | C36: KASA ÇIKIŞI | D36: KASADA OLMASI GEREKEN TUTAR | E36: REEL KASA MEVCUDU | F36: ANA KASA KAPANIŞ FARKI
A37: ='4'!E37 -> 3748.48 | B37: 40000 | C37: =D19 -> 39930 | D37: =A37+B37+D15-C37 -> 3818.48 | E37: =D37 -> 3818.48 | F37: =E37-D37 -> 0
A38: CARİ AÇIKLAMASI | B38: DEVİR BAKİYESİ | C38: YENİ ALIM | D38: ÖDEME | E38: SON BAKİYESİ
A39: NURETTİN ATILMIŞ CARİSİ | B39: ='4'!E39 -> 918220 | C39: 9900 | E39: =B39+C39-D39 -> 928120
A40: DAVUL ÜCRETİ CARİSİ | B40: ='4'!E40 -> 0 | E40: =B40+C40-D40 -> 0
A41: ÖDENMEZ İKRAM TOPLAMI | E41: =SUM(E43:E68) -> 0
A42: ÖDENMEZ İKRAMI KULLANAN ADI SAYADI | B42: ÇEK NO | C42: ÇEKİN İÇERİĞİ (ÜRÜN DETAYI | E42: ÖDENMEZİN TOPLAM TUTARI
A70: İŞLETME GİDERLERİ DETAYI | B70: TUTAR
A71: SANATÇI GİDERİ | B71: 180000
A72: TEKNİK EKİPMAN GİDERLERİ
A73: MATMAZEL COCO
A74: YEMEK GİDERİ TUAL GIDA 36 SET MENÜ | B74: =36*1320 -> 47520
A75: İÇECEK KDV Sİ | B75: =B77*0.1568 -> 4646.1847
A76: %10 SERVİS ÜCRETİ ÖDENECEK TUTAR
A77: İÇECEK SATIŞ VE ÖDENMEZ MALİYETİ | B77: 29631.28
A78: =A19 -> GÜNLÜK KASADAN HARCAMALAR TOPLAMI | B78: =D19-14400 -> 25530
A79: PERSONEL YEMEK 60 ADET | B79: 9900
A81: İŞLETME GİDERLERİ | B81: =SUM(B71:B80) -> 297227.46 | C81: =E2-B81 -> -28962.465 | H81: Gn. Toplam | I81: =SUM(I3:I77) -> 0
H82: FARK | I82: =I81-E41 -> 0
A83: KAPANIŞ DEĞERLENDİRMESİ
A84: SEDA METE CANLI PERFORMANS | H84: SERVİS ÜCRETİ
A93: Raporu Hazırlayan Adı Soyadı | B93: Batuhan ÖZEL

Sheet 6
A1: ='5'!A1+1 -> 46179 | B1: ='1'!B1:E1 -> DADA SALON KABARETT GÜN SONU RAPORU
C2: GÜNLÜK TOPLAM CİRO | E2: =D4+D5+D6+D7+D8+D9+D10+D11+D12 -> 0 | G2: ÜRÜN DETAYI | H2: ÖDENMEZ İKRAMI KULLANAN ADI SAYADI | I2: ÖDENMEZİN TOPLAM TUTARI
A3: KUVER SAYISI TOPLAMI | D3: ORT.K.BAŞI FİYAT | E3: =E2/C3 -> #DIV/0! | L3: SATIŞ FİYATI
A4: TUZ BİBER BİLET
A5: İTİCKET | K5: =144720*1.18 -> 170769.6
A6: PASSO BİLET
A7: BİLETİNİ AL | K7: =K5-D7 -> 170769.6 | L7: 150
A8: BİLETİNO MÜŞTERİ SAYISI
A9: BİLETİX MÜŞTERİ SAYISI
A10: BU BİLET MÜŞTERİ SAYISI
A11: CARİ HESAP
A12: SALON SATIŞ KİŞİ SAYISI | C12: =C3-C4-C5-C6-C7-C8-C9-C10-C11 -> 0 | D12: =SUM(D13:E16) -> 0
A13: OTOPARK GELİRİ NAKİT
A14: OTOPARK GELİRİ KREDİ KARTI
A15: GÜNLÜK NAKİT
A16: GÜNLÜK KREDİ KARTI
A17: NAKİT VE KREDİ KARTI TOPLAMI
A19: GÜNLÜK KASADAN HARCAMALAR TOPLAMI | D19: =SUM(D21:E33) -> 0
A20: KASA NAKİT HARCAMA DETAYI | B20: AÇIKLAMA | D20: TUTAR
A34: YÖNETİME TESLİM EDİLMESİ GEREKEN NAKİT TUTAR | D34: =D15+D13-D19 -> 0 | K34: =93750+20000+10970+20000 -> 144720
A35: KASA TESLİMATI AÇIKLAMASI
A36: KASA AÇILIŞI TUTARI | B36: YÖNETİMDEN GELEN TUTAR | C36: KASA ÇIKIŞI | D36: KASADA OLMASI GEREKEN TUTAR | E36: REEL KASA MEVCUDU | F36: ANA KASA KAPANIŞ FARKI
A37: ='5'!E37 -> 3818.48 | C37: =D19 -> 0 | D37: =A37+B37+D15-C37 -> 3818.48 | E37: =D37 -> 3818.48 | F37: =E37-D37 -> 0
A38: CARİ AÇIKLAMASI | B38: DEVİR BAKİYESİ | C38: YENİ ALIM | D38: ÖDEME | E38: SON BAKİYESİ
A39: NURETTİN ATILMIŞ CARİSİ | B39: ='5'!E39 -> 928120 | E39: =B39+C39-D39 -> 928120
A40: DAVUL ÜCRETİ CARİSİ | B40: ='5'!E40 -> 0 | E40: =B40+C40-D40 -> 0 | K40: =K34*0.18 -> 26049.6
A41: ÖDENMEZ İKRAM TOPLAMI | E41: =SUM(E43:E68) -> 0 | K41: =SUM(K34:K40) -> 170769.6
A42: ÖDENMEZ İKRAMI KULLANAN ADI SAYADI | B42: ÇEK NO | C42: ÇEKİN İÇERİĞİ (ÜRÜN DETAYI | E42: ÖDENMEZİN TOPLAM TUTARI
A70: İŞLETME GİDERLERİ DETAYI | B70: TUTAR
A71: SANATÇI GİDERİ
A72: TEKNİK EKİPMAN GİDERLERİ
A73: MATMAZEL COCO
A74: YEMEK GİDERİ BİRLİK GIDA 203 + 5 DILIM PEYNIR SET MENÜ
A75: İÇECEK KDV Sİ | B75: =B77*0.1568 -> 0
A76: %10 SERVİS ÜCRETİ ÖDENECEK TUTAR
A77: İÇECEK SATIŞ VE ÖDENMEZ MALİYETİ
A78: =A19 -> GÜNLÜK KASADAN HARCAMALAR TOPLAMI | B78: =D19 -> 0
A79: PERSONEL YEMEK 55 ADET
A81: İŞLETME GİDERLERİ | B81: =SUM(B71:B80) -> 0 | C81: =E2-B81 -> 0 | H81: Gn. Toplam | I81: =SUM(I3:I77) -> 0
H82: FARK | I82: =I81-E41 -> 0
A83: KAPANIŞ DEĞERLENDİRMESİ
H84: SERVİS ÜCRETİ
A93: Raporu Hazırlayan Adı Soyadı | B93: Batuhan ÖZEL

Sheet 7
A1: ='6'!A1+1 -> 46180 | B1: ='1'!B1:E1 -> DADA SALON KABARETT GÜN SONU RAPORU
C2: GÜNLÜK TOPLAM CİRO | E2: =D4+D5+D6+D7+D8+D9+D10+D11+D12 -> 0 | G2: ÜRÜN DETAYI | H2: ÖDENMEZ İKRAMI KULLANAN ADI SAYADI | I2: ÖDENMEZİN TOPLAM TUTARI
A3: KUVER SAYISI TOPLAMI | D3: ORT.K.BAŞI FİYAT | E3: =E2/C3 -> #DIV/0! | L3: SATIŞ FİYATI
A4: TUZ BİBER BİLET
A5: İTİCKET
A6: PASSO BİLET
A7: BİLETİNİ AL | L7: 150
A8: BİLETİNO MÜŞTERİ SAYISI
A9: BİLETİX MÜŞTERİ SAYISI
A10: BU BİLET MÜŞTERİ SAYISI
A11: CARİ HESAP
A12: SALON SATIŞ KİŞİ SAYISI | C12: =C3-C4-C5-C6-C7-C8-C9-C10-C11 -> 0 | D12: =SUM(D13:E16) -> 0
A13: OTOPARK GELİRİ NAKİT
A14: OTOPARK GELİRİ KREDİ KARTI
A15: GÜNLÜK NAKİT
A16: GÜNLÜK KREDİ KARTI
A17: NAKİT VE KREDİ KARTI TOPLAMI
A19: GÜNLÜK KASADAN HARCAMALAR TOPLAMI | D19: =SUM(D21:E33) -> 0
A20: KASA NAKİT HARCAMA DETAYI | B20: AÇIKLAMA | D20: TUTAR
A34: YÖNETİME TESLİM EDİLMESİ GEREKEN NAKİT TUTAR | D34: =D15+D13-D19 -> 0
A35: KASA TESLİMATI AÇIKLAMASI
A36: KASA AÇILIŞI TUTARI | C36: KASA ÇIKIŞI | D36: KASADA OLMASI GEREKEN TUTAR | E36: REEL KASA MEVCUDU | F36: ANA KASA KAPANIŞ FARKI
A37: ='6'!E37 -> 3818.48 | C37: =D19 -> 0 | D37: =A37+B37+D15-C37 -> 3818.48 | E37: =D37 -> 3818.48 | F37: =E37-D37 -> 0
A38: CARİ AÇIKLAMASI | B38: DEVİR BAKİYESİ | C38: YENİ ALIM | D38: ÖDEME | E38: SON BAKİYESİ
A39: NURETTİN ATILMIŞ CARİSİ | B39: ='6'!E39 -> 928120 | E39: =B39+C39-D39 -> 928120
A40: DAVUL ÜCRETİ CARİSİ | B40: ='6'!E40 -> 0 | E40: =B40+C40-D40 -> 0
A41: ÖDENMEZ İKRAM TOPLAMI | E41: =SUM(E43:E68) -> 0
A42: ÖDENMEZ İKRAMI KULLANAN ADI SAYADI | B42: ÇEK NO | C42: ÇEKİN İÇERİĞİ (ÜRÜN DETAYI | E42: ÖDENMEZİN TOPLAM TUTARI
A70: İŞLETME GİDERLERİ DETAYI | B70: TUTAR
A71: SANATÇI GİDERİ
A72: TEKNİK EKİPMAN GİDERLERİ
A73: MATMAZEL COCO
A74: YEMEK GİDERİ BİRLİK GIDA 124 SET MENÜ+ 15 DILIM PEYNIR + 1 SET MEZE
A75: İÇECEK KDV Sİ | B75: =B77*0.1568 -> 0
A76: %10 SERVİS ÜCRETİ ÖDENECEK TUTAR
A77: İÇECEK SATIŞ VE ÖDENMEZ MALİYETİ
A78: =A19 -> GÜNLÜK KASADAN HARCAMALAR TOPLAMI | B78: =D19 -> 0
A79: PERSONEL YEMEK 60 ADET
A81: İŞLETME GİDERLERİ | B81: =SUM(B71:B80) -> 0 | C81: =E2-B81 -> 0 | H81: Gn. Toplam | I81: =SUM(I3:I77) -> 0
H82: FARK | I82: =I81-E41 -> 0
A83: KAPANIŞ DEĞERLENDİRMESİ
H84: SERVİS ÜCRETİ
A93: Raporu Hazırlayan Adı Soyadı | B93: Batuhan ÖZEL

Sheet 8
A1: ='7'!A1+1 -> 46181 | B1: ='[3]1'!B1:E1 -> DADA SALON GÜN SONU RAPORU
C2: GÜNLÜK TOPLAM CİRO | E2: =D4+D5+D6+D7+D8+D9+D10+D11+D12 -> 0 | G2: ÜRÜN DETAYI | H2: ÖDENMEZ İKRAMI KULLANAN ADI SAYADI | I2: ÖDENMEZİN TOPLAM TUTARI
A3: KUVER SAYISI TOPLAMI | D3: ORT.K.BAŞI FİYAT | E3: =E2/C3 -> #DIV/0! | L3: SATIŞ FİYATI
A4: TUZ BİBER BİLET
A5: İTİCKET
A6: PASSO BİLET
A7: BİLETİNİ AL | L7: 150
A8: BİLETİNO MÜŞTERİ SAYISI
A9: BİLETİX MÜŞTERİ SAYISI
A10: BU BİLET MÜŞTERİ SAYISI
A11: CARİ HESAP
A12: SALON SATIŞ KİŞİ SAYISI | C12: =C3-C4-C5-C6-C7-C8-C9-C10-C11 -> 0 | D12: =SUM(D13:E16) -> 0
A13: OTOPARK GELİRİ NAKİT
A14: OTOPARK GELİRİ KREDİ KARTI
A15: GÜNLÜK NAKİT
A16: GÜNLÜK KREDİ KARTI
A17: NAKİT VE KREDİ KARTI TOPLAMI
A19: GÜNLÜK KASADAN HARCAMALAR TOPLAMI | D19: =SUM(D21:E33) -> 0
A20: KASA NAKİT HARCAMA DETAYI | B20: AÇIKLAMA | D20: TUTAR
A34: YÖNETİME TESLİM EDİLMESİ GEREKEN NAKİT TUTAR | D34: =D15+D13-D19 -> 0
A35: KASA TESLİMATI AÇIKLAMASI
A36: KASA AÇILIŞI TUTARI | B36: YÖNETİMDEN GELEN TUTAR | C36: KASA ÇIKIŞI | D36: KASADA OLMASI GEREKEN TUTAR | E36: REEL KASA MEVCUDU | F36: ANA KASA KAPANIŞ FARKI
A37: ='7'!E37 -> 3818.48 | C37: =D19 -> 0 | D37: =A37+B37+D15-C37 -> 3818.48 | E37: =D37 -> 3818.48 | F37: =E37-D37 -> 0
A38: CARİ AÇIKLAMASI | B38: DEVİR BAKİYESİ | C38: YENİ ALIM | D38: ÖDEME | E38: SON BAKİYESİ
A39: NURETTİN ATILMIŞ CARİSİ | B39: ='7'!E39 -> 928120 | E39: =B39+C39-D39 -> 928120
A40: DAVUL ÜCRETİ CARİSİ | B40: ='7'!E40 -> 0 | E40: =B40+C40-D40 -> 0
A41: ÖDENMEZ İKRAM TOPLAMI | E41: =SUM(E43:E68) -> 0
A42: ÖDENMEZ İKRAMI KULLANAN ADI SAYADI | B42: ÇEK NO | C42: ÇEKİN İÇERİĞİ (ÜRÜN DETAYI | E42: ÖDENMEZİN TOPLAM TUTARI
A70: İŞLETME GİDERLERİ DETAYI | B70: TUTAR
A71: SANATÇI GİDERİ
A72: TEKNİK EKİPMAN GİDERLERİ ,30 BİSTRO,60 SANDELYE ,PHOTOBOOTH ,LED EKRAN, ,DJ KABİN
A73: MATMAZEL COCO
A74: YEMEK GİDERİ HOME STYLE KOKTEYL MENÜ 250 KISILIK
A75: İÇECEK KDV Sİ | B75: =B77*0.1568 -> 0
A76: %10 SERVİS ÜCRETİ ÖDENECEK TUTAR
A77: İÇECEK SATIŞ VE ÖDENMEZ MALİYETİ
A78: =A19 -> GÜNLÜK KASADAN HARCAMALAR TOPLAMI | B78: =D19 -> 0
A79: PERSONEL YEMEK
A81: İŞLETME GİDERLERİ | B81: =SUM(B71:B80) -> 0 | C81: =E2-B81 -> 0 | H81: Gn. Toplam | I81: =SUM(I3:I77) -> 0
H82: FARK | I82: =I81-E41 -> 0
A83: KAPANIŞ DEĞERLENDİRMESİ
H84: SERVİS ÜCRETİ
A93: Raporu Hazırlayan Adı Soyadı | B93: Batuhan ÖZEL

Sheet 9
A1: ='8'!A1+1 -> 46182 | B1: ='1'!B1:E1 -> DADA SALON KABARETT GÜN SONU RAPORU
C2: GÜNLÜK TOPLAM CİRO | E2: =D4+D5+D6+D7+D8+D9+D10+D11+D12 -> 0 | G2: ÜRÜN DETAYI | H2: ÖDENMEZ İKRAMI KULLANAN ADI SAYADI | I2: ÖDENMEZİN TOPLAM TUTARI
A3: KUVER SAYISI TOPLAMI | D3: ORT.K.BAŞI FİYAT | E3: =E2/C3 -> #DIV/0! | L3: SATIŞ FİYATI
A4: TUZ BİBER BİLET
A5: İTİCKET
A6: PASSO BİLET
A7: BİLETİNİ AL | L7: 150
A8: BİLETİNO MÜŞTERİ SAYISI
A9: BİLETİX MÜŞTERİ SAYISI
A10: BU BİLET MÜŞTERİ SAYISI
A11: CARİ HESAP
A12: SALON SATIŞ KİŞİ SAYISI | C12: =C3-C4-C5-C6-C7-C8-C9-C10-C11 -> 0 | D12: =SUM(D13:E16) -> 0
A13: OTOPARK GELİRİ NAKİT
A14: OTOPARK GELİRİ KREDİ KARTI
A15: GÜNLÜK NAKİT
A16: GÜNLÜK KREDİ KARTI
A17: NAKİT VE KREDİ KARTI TOPLAMI
A19: GÜNLÜK KASADAN HARCAMALAR TOPLAMI | D19: =SUM(D21:E33) -> 0
A20: KASA NAKİT HARCAMA DETAYI | B20: AÇIKLAMA | D20: TUTAR
A34: YÖNETİME TESLİM EDİLMESİ GEREKEN NAKİT TUTAR | D34: =D15+D13-D19 -> 0
A35: KASA TESLİMATI AÇIKLAMASI
A36: KASA AÇILIŞI TUTARI | B36: YÖNETİMDEN GELEN TUTAR | C36: KASA ÇIKIŞI | D36: KASADA OLMASI GEREKEN TUTAR | E36: REEL KASA MEVCUDU | F36: ANA KASA KAPANIŞ FARKI
A37: ='8'!E37 -> 3818.48 | C37: =D19 -> 0 | D37: =A37+B37+D15-C37 -> 3818.48 | E37: =D37 -> 3818.48 | F37: =E37-D37 -> 0
A38: CARİ AÇIKLAMASI | B38: DEVİR BAKİYESİ | C38: YENİ ALIM | D38: ÖDEME | E38: SON BAKİYESİ
A39: NURETTİN ATILMIŞ CARİSİ | B39: ='8'!E39 -> 928120 | E39: =B39+C39-D39 -> 928120
A40: DAVUL ÜCRETİ CARİSİ | B40: ='8'!E40 -> 0 | E40: =B40+C40-D40 -> 0
A41: ÖDENMEZ İKRAM TOPLAMI | E41: =SUM(E43:E68) -> 0
A42: ÖDENMEZ İKRAMI KULLANAN ADI SAYADI | B42: ÇEK NO | C42: ÇEKİN İÇERİĞİ (ÜRÜN DETAYI | E42: ÖDENMEZİN TOPLAM TUTARI
A70: İŞLETME GİDERLERİ DETAYI | B70: TUTAR
A71: SANATÇI GİDERİ
A72: TEKNİK EKİPMAN GİDERLERİ
A73: MATMAZEL COCO
A74: YEMEK GİDERİ BİRLİK GIDA 133 SET MENÜ
A75: İÇECEK KDV Sİ | B75: 0
A76: %10 SERVİS ÜCRETİ ÖDENECEK TUTAR
A77: İÇECEK SATIŞ VE ÖDENMEZ MALİYETİ
A78: =A19 -> GÜNLÜK KASADAN HARCAMALAR TOPLAMI | B78: =D19 -> 0
A79: PERSONEL YEMEK 55 ADET
A81: İŞLETME GİDERLERİ | B81: =SUM(B71:B80) -> 0 | C81: =E2-B81 -> 0 | H81: Gn. Toplam | I81: =SUM(I3:I77) -> 0
H82: FARK | I82: =I81-E41 -> 0
A83: KAPANIŞ DEĞERLENDİRMESİ
H84: SERVİS ÜCRETİ
A93: Raporu Hazırlayan Adı Soyadı | B93: Batuhan ÖZEL

Sheet 10
A1: ='9'!A1+1 -> 46183 | B1: ='1'!B1:E1 -> DADA SALON KABARETT GÜN SONU RAPORU
C2: GÜNLÜK TOPLAM CİRO | E2: =D4+D5+D6+D7+D8+D9+D10+D11+D12 -> 0 | G2: ÜRÜN DETAYI | H2: ÖDENMEZ İKRAMI KULLANAN ADI SAYADI | I2: ÖDENMEZİN TOPLAM TUTARI
A3: KUVER SAYISI TOPLAMI | D3: ORT.K.BAŞI FİYAT | E3: =E2/C3 -> #DIV/0! | L3: SATIŞ FİYATI
A4: TUZ BİBER BİLET
A5: İTİCKET
A6: PASSO BİLET
A7: BİLETİNİ AL | L7: 150
A8: BİLETİNO MÜŞTERİ SAYISI
A9: BİLETİX MÜŞTERİ SAYISI
A10: BU BİLET MÜŞTERİ SAYISI
A11: CARİ HESAP
A12: SALON SATIŞ KİŞİ SAYISI | C12: =C3-C4-C5-C6-C7-C8-C9-C10-C11 -> 0 | D12: =SUM(D13:E16) -> 0
A13: OTOPARK GELİRİ NAKİT
A14: OTOPARK GELİRİ KREDİ KARTI
A15: GÜNLÜK NAKİT
A16: GÜNLÜK KREDİ KARTI
A17: NAKİT VE KREDİ KARTI TOPLAMI
A19: GÜNLÜK KASADAN HARCAMALAR TOPLAMI | D19: =SUM(D21:E33) -> 0
A20: KASA NAKİT HARCAMA DETAYI | B20: AÇIKLAMA | D20: TUTAR
K32: =D32/1.18 -> 0
A34: YÖNETİME TESLİM EDİLMESİ GEREKEN NAKİT TUTAR | D34: =D15+D13-D19 -> 0
A35: KASA TESLİMATI AÇIKLAMASI
A36: KASA AÇILIŞI TUTARI | B36: YÖNETİMDEN GELEN TUTAR | C36: KASA ÇIKIŞI | D36: KASADA OLMASI GEREKEN TUTAR | E36: REEL KASA MEVCUDU | F36: ANA KASA KAPANIŞ FARKI
A37: ='9'!E37 -> 3818.48 | C37: =D19 -> 0 | D37: =A37+B37+D15-C37 -> 3818.48 | E37: =D37 -> 3818.48 | F37: =E37-D37 -> 0
A38: CARİ AÇIKLAMASI | B38: DEVİR BAKİYESİ | C38: YENİ ALIM | D38: ÖDEME | E38: SON BAKİYESİ
A39: NURETTİN ATILMIŞ CARİSİ | B39: ='9'!E39 -> 928120 | E39: =B39+C39-D39 -> 928120
A40: DAVUL ÜCRETİ CARİSİ | B40: ='9'!E40 -> 0 | E40: =B40+C40-D40 -> 0
A41: ÖDENMEZ İKRAM TOPLAMI | E41: =SUM(E43:E68) -> 0
A42: ÖDENMEZ İKRAMI KULLANAN ADI SAYADI | B42: ÇEK NO | C42: ÇEKİN İÇERİĞİ (ÜRÜN DETAYI | E42: ÖDENMEZİN TOPLAM TUTARI
A70: İŞLETME GİDERLERİ DETAYI | B70: TUTAR
A71: SANATÇI GİDERİ
A72: TEKNİK EKİPMAN GİDERLERİ
A73: MATMAZEL COCO
A74: YEMEK GİDERİ BIRLIK GIDA 82 SET MENÜ
A75: İÇECEK KDV Sİ | B75: =B77*0.1568 -> 0
A76: %10 SERVİS ÜCRETİ ÖDENECEK TUTAR
A77: İÇECEK SATIŞ VE ÖDENMEZ MALİYETİ
A78: =A19 -> GÜNLÜK KASADAN HARCAMALAR TOPLAMI | B78: =D19 -> 0
A79: PERSONEL YEMEK 55 ADET
A81: İŞLETME GİDERLERİ | B81: =SUM(B71:B80) -> 0 | C81: =E2-B81 -> 0 | H81: Gn. Toplam | I81: =SUM(I3:I77) -> 0
H82: FARK | I82: =I81-E41 -> 0
A83: KAPANIŞ DEĞERLENDİRMESİ
H84: SERVİS ÜCRETİ
A93: Raporu Hazırlayan Adı Soyadı | B93: Batuhan ÖZEL

Sheet 11
A1: ='10'!A1+1 -> 46184 | B1: ='[4]1'!B1:E1 -> DADA SALON GÜN SONU RAPORU
C2: GÜNLÜK TOPLAM CİRO | E2: =D4+D5+D6+D7+D8+D9+D10+D11+D12 -> 0 | G2: ÜRÜN DETAYI | H2: ÖDENMEZ İKRAMI KULLANAN ADI SAYADI | I2: ÖDENMEZİN TOPLAM TUTARI
A3: KUVER SAYISI TOPLAMI | D3: ORT.K.BAŞI FİYAT | E3: =E2/C3 -> #DIV/0! | L3: SATIŞ FİYATI
A4: TUZ BİBER BİLET
A5: İTİCKET
A6: PASSO BİLET
A7: BİLETİNİ AL | L7: 150
A8: BİLETİNO MÜŞTERİ SAYISI
A9: BİLETİX MÜŞTERİ SAYISI
A10: BU BİLET MÜŞTERİ SAYISI
A11: CARİ HESAP
A12: SALON SATIŞ KİŞİ SAYISI | C12: =C3-C4-C5-C6-C7-C8-C9-C10-C11 -> 0 | D12: =SUM(D13:E16) -> 0
A13: OTOPARK GELİRİ NAKİT
A14: OTOPARK GELİRİ KREDİ KARTI
A15: GÜNLÜK NAKİT
A16: GÜNLÜK KREDİ KARTI
A17: NAKİT VE KREDİ KARTI TOPLAMI
A19: GÜNLÜK KASADAN HARCAMALAR TOPLAMI | D19: =SUM(D21:E33) -> 0
A20: KASA NAKİT HARCAMA DETAYI | B20: AÇIKLAMA | D20: TUTAR
A34: YÖNETİME TESLİM EDİLMESİ GEREKEN NAKİT TUTAR | D34: =D15+D13-D19 -> 0
A35: KASA TESLİMATI AÇIKLAMASI
A36: KASA AÇILIŞI TUTARI | B36: YÖNETİMDEN GELEN TUTAR | C36: KASA ÇIKIŞI | D36: KASADA OLMASI GEREKEN TUTAR | E36: REEL KASA MEVCUDU | F36: ANA KASA KAPANIŞ FARKI
A37: ='10'!E37 -> 3818.48 | C37: =D19 -> 0 | D37: =A37+B37+D15-C37 -> 3818.48 | E37: =D37 -> 3818.48 | F37: =E37-D37 -> 0
A38: CARİ AÇIKLAMASI | B38: DEVİR BAKİYESİ | C38: YENİ ALIM | D38: ÖDEME | E38: SON BAKİYESİ
A39: NURETTİN ATILMIŞ CARİSİ | B39: ='10'!E39 -> 928120 | E39: =B39+C39-D39 -> 928120
A40: DAVUL ÜCRETİ CARİSİ | B40: ='10'!E40 -> 0 | E40: =B40+C40-D40 -> 0
A41: ÖDENMEZ İKRAM TOPLAMI | E41: =SUM(E43:E68) -> 0
A42: ÖDENMEZ İKRAMI KULLANAN ADI SAYADI | B42: ÇEK NO | C42: ÇEKİN İÇERİĞİ (ÜRÜN DETAYI | E42: ÖDENMEZİN TOPLAM TUTARI
A70: İŞLETME GİDERLERİ DETAYI | B70: TUTAR
A71: SANATÇI GİDERİ
A72: TEKNİK EKİPMAN GİDERLERİ
A73: MATMAZEL COCO
A74: YEMEK GİDERİ BİRLİK GIDA 140 ADET SET MENÜ ( 960 TL DEN)
A75: İÇECEK KDV Sİ | B75: =B77*0.1568 -> 0
A76: %10 SERVİS ÜCRETİ ÖDENECEK TUTAR
A77: İÇECEK SATIŞ VE ÖDENMEZ MALİYETİ
A78: =A19 -> GÜNLÜK KASADAN HARCAMALAR TOPLAMI | B78: =D19 -> 0
A79: PERSONEL YEMEK 55 ADET
A81: İŞLETME GİDERLERİ | B81: =SUM(B71:B80) -> 0 | C81: =E2-B81 -> 0 | H81: Gn. Toplam | I81: =SUM(I3:I77) -> 0
H82: FARK | I82: =I81-E41 -> 0
A83: KAPANIŞ DEĞERLENDİRMESİ
H84: SERVİS ÜCRETİ
A93: Raporu Hazırlayan Adı Soyadı | B93: Batuhan ÖZEL

Sheet 12
A1: ='11'!A1+1 -> 46185 | B1: ='[5]1'!B1:E1 -> DADA SALON GÜN SONU RAPORU
C2: GÜNLÜK TOPLAM CİRO | E2: =D4+D5+D6+D7+D8+D9+D10+D11+D12 -> 0 | G2: ÜRÜN DETAYI | H2: ÖDENMEZ İKRAMI KULLANAN ADI SAYADI | I2: ÖDENMEZİN TOPLAM TUTARI
A3: KUVER SAYISI TOPLAMI | D3: ORT.K.BAŞI FİYAT | E3: =E2/C3 -> #DIV/0! | L3: SATIŞ FİYATI
A4: TUZ BİBER BİLET
A5: İTİCKET
A6: PASSO BİLET
A7: BİLETİNİ AL | L7: 150
A8: BİLETİNO MÜŞTERİ SAYISI
A9: BİLETİX MÜŞTERİ SAYISI
A10: BU BİLET MÜŞTERİ SAYISI
A11: CARİ HESAP
A12: SALON SATIŞ KİŞİ SAYISI | C12: =C3-C4-C5-C6-C7-C8-C9-C10-C11 -> 0 | D12: =SUM(D13:E16) -> 0
A13: OTOPARK GELİRİ NAKİT
A14: OTOPARK GELİRİ KREDİ KARTI
A15: GÜNLÜK NAKİT
A16: GÜNLÜK KREDİ KARTI
A17: NAKİT VE KREDİ KARTI TOPLAMI
A19: GÜNLÜK KASADAN HARCAMALAR TOPLAMI | D19: =SUM(D21:E33) -> 0
A20: KASA NAKİT HARCAMA DETAYI | B20: AÇIKLAMA | D20: TUTAR
A34: YÖNETİME TESLİM EDİLMESİ GEREKEN NAKİT TUTAR | D34: =D15+D13-D19 -> 0
A35: KASA TESLİMATI AÇIKLAMASI
A36: KASA AÇILIŞI TUTARI | B36: YÖNETİMDEN GELEN TUTAR | C36: KASA ÇIKIŞI | D36: KASADA OLMASI GEREKEN TUTAR | E36: REEL KASA MEVCUDU | F36: ANA KASA KAPANIŞ FARKI
A37: ='11'!E37 -> 3818.48 | C37: =D19 -> 0 | D37: =A37+B37+D15-C37 -> 3818.48 | E37: =D37 -> 3818.48 | F37: =E37-D37 -> 0
A38: CARİ AÇIKLAMASI | B38: DEVİR BAKİYESİ | C38: YENİ ALIM | D38: ÖDEME | E38: SON BAKİYESİ
A39: NURETTİN ATILMIŞ CARİSİ | B39: ='11'!E39 -> 928120 | E39: =B39+C39-D39 -> 928120
A40: DAVUL ÜCRETİ CARİSİ | B40: ='11'!E40 -> 0 | E40: =B40+C40-D40 -> 0
A41: ÖDENMEZ İKRAM TOPLAMI | E41: =SUM(E43:E68) -> 0
A42: ÖDENMEZ İKRAMI KULLANAN ADI SAYADI | B42: ÇEK NO | C42: ÇEKİN İÇERİĞİ (ÜRÜN DETAYI | E42: ÖDENMEZİN TOPLAM TUTARI
A70: İŞLETME GİDERLERİ DETAYI | B70: TUTAR
A71: SANATÇI GİDERİ
A72: TEKNİK EKİPMAN GİDERLERİ
A73: MATMAZEL COCO
A74: YEMEK GİDERİ 225 FİNGERFOOD HOME STYLE.
A75: İÇECEK KDV Sİ | B75: =B77*0.1568 -> 0
A76: %10 SERVİS ÜCRETİ ÖDENECEK TUTAR
A77: İÇECEK SATIŞ VE ÖDENMEZ MALİYETİ
A78: =A19 -> GÜNLÜK KASADAN HARCAMALAR TOPLAMI | B78: =D19 -> 0
A79: PERSONEL YEMEK 35 ADET
A81: İŞLETME GİDERLERİ | B81: =SUM(B71:B80) -> 0 | C81: =E2-B81 -> 0 | H81: Gn. Toplam | I81: =SUM(I3:I77) -> 0
H82: FARK | I82: =I81-E41 -> 0
A83: KAPANIŞ DEĞERLENDİRMESİ
H84: SERVİS ÜCRETİ
A93: Raporu Hazırlayan Adı Soyadı | B93: Batuhan ÖZEL

Sheet 13
A1: ='12'!A1+1 -> 46186 | B1: ='[6]1'!B1:E1 -> DADA SALON GÜN SONU RAPORU
C2: GÜNLÜK TOPLAM CİRO | E2: =D4+D5+D6+D7+D8+D9+D10+D11+D12 -> 0 | G2: ÜRÜN DETAYI | H2: ÖDENMEZ İKRAMI KULLANAN ADI SAYADI | I2: ÖDENMEZİN TOPLAM TUTARI
A3: KUVER SAYISI TOPLAMI | D3: ORT.K.BAŞI FİYAT | E3: =E2/C3 -> #DIV/0! | L3: SATIŞ FİYATI
A4: TUZ BİBER BİLET
A5: İTİCKET
A6: PASSO BİLET
A7: BİLETİNİ AL | L7: 150
A8: BİLETİNO MÜŞTERİ SAYISI
A9: BİLETİX MÜŞTERİ SAYISI
A10: BU BİLET MÜŞTERİ SAYISI
A11: CARİ HESAP
A12: SALON SATIŞ KİŞİ SAYISI | C12: =C3-C4-C5-C6-C7-C8-C9-C10-C11 -> 0 | D12: =SUM(D13:E16) -> 0
A13: OTOPARK GELİRİ NAKİT
A14: OTOPARK GELİRİ KREDİ KARTI
A15: GÜNLÜK NAKİT
A16: GÜNLÜK KREDİ KARTI
A17: NAKİT VE KREDİ KARTI TOPLAMI
A19: GÜNLÜK KASADAN HARCAMALAR TOPLAMI | D19: =SUM(D21:E33) -> 0 | K19: =6200*1.18 -> 7316
A20: KASA NAKİT HARCAMA DETAYI | B20: AÇIKLAMA | D20: TUTAR
A34: YÖNETİME TESLİM EDİLMESİ GEREKEN NAKİT TUTAR | D34: =D15+D13-D19 -> 0
A35: KASA TESLİMATI AÇIKLAMASI
A36: KASA AÇILIŞI TUTARI | B36: YÖNETİMDEN GELEN TUTAR | C36: KASA ÇIKIŞI | D36: KASADA OLMASI GEREKEN TUTAR | E36: REEL KASA MEVCUDU | F36: ANA KASA KAPANIŞ FARKI
A37: ='12'!E37 -> 3818.48 | C37: =D19 -> 0 | D37: =A37+B37+D15-C37 -> 3818.48 | E37: =D37 -> 3818.48 | F37: =E37-D37 -> 0
A38: CARİ AÇIKLAMASI | B38: DEVİR BAKİYESİ | C38: YENİ ALIM | D38: ÖDEME | E38: SON BAKİYESİ
A39: NURETTİN ATILMIŞ CARİSİ | B39: ='12'!E39 -> 928120 | E39: =B39+C39-D39 -> 928120
A40: DAVUL ÜCRETİ CARİSİ | B40: ='12'!E40 -> 0 | E40: =B40+C40-D40 -> 0
A41: ÖDENMEZ İKRAM TOPLAMI | E41: =SUM(E43:E68) -> 0
A42: ÖDENMEZ İKRAMI KULLANAN ADI SAYADI | B42: ÇEK NO | C42: ÇEKİN İÇERİĞİ (ÜRÜN DETAYI | E42: ÖDENMEZİN TOPLAM TUTARI
A70: İŞLETME GİDERLERİ DETAYI | B70: TUTAR
A71: SANATÇI GİDERİ
A72: TEKNİK EKİPMAN GİDERLERİ
A73: MATMAZEL COCO
A74: YEMEK GİDERİ HOME STYLE 200 SET MENÜ ( 1,445 TL KDV DAHIL KISI BASI)
A75: İÇECEK KDV Sİ | B75: =B77*0.1568 -> 0
A76: %10 SERVİS ÜCRETİ ÖDENECEK TUTAR
A77: İÇECEK SATIŞ VE ÖDENMEZ MALİYETİ
A78: =A19 -> GÜNLÜK KASADAN HARCAMALAR TOPLAMI | B78: =D19 -> 0
A79: PERSONEL YEMEK 55 ADET
A81: İŞLETME GİDERLERİ | B81: =SUM(B71:B80) -> 0 | C81: =E2-B81 -> 0 | H81: Gn. Toplam | I81: =SUM(I3:I77) -> 0
H82: FARK | I82: =I81-E41 -> 0
A83: KAPANIŞ DEĞERLENDİRMESİ
H84: SERVİS ÜCRETİ
A93: Raporu Hazırlayan Adı Soyadı | B93: Batuhan ÖZEL

Sheet 14
A1: ='13'!A1+1 -> 46187 | B1: ='1'!B1:E1 -> DADA SALON KABARETT GÜN SONU RAPORU
C2: GÜNLÜK TOPLAM CİRO | E2: =D4+D5+D6+D7+D8+D9+D10+D11+D12 -> 0 | G2: ÜRÜN DETAYI | H2: ÖDENMEZ İKRAMI KULLANAN ADI SAYADI | I2: ÖDENMEZİN TOPLAM TUTARI
A3: KUVER SAYISI TOPLAMI | D3: ORT.K.BAŞI FİYAT | E3: =E2/C3 -> #DIV/0! | L3: SATIŞ FİYATI
A4: TUZ BİBER BİLET
A5: İTİCKET
A6: PASSO BİLET
A7: BİLETİNİ AL | L7: 150
A8: BİLETİNO MÜŞTERİ SAYISI
A9: BİLETİX MÜŞTERİ SAYISI
A10: BU BİLET MÜŞTERİ SAYISI
A11: CARİ HESAP
A12: SALON SATIŞ KİŞİ SAYISI | C12: =C3-C4-C5-C6-C7-C8-C9-C10-C11 -> 0 | D12: =SUM(D13:E16) -> 0
A13: OTOPARK GELİRİ NAKİT
A14: OTOPARK GELİRİ KREDİ KARTI
A15: GÜNLÜK NAKİT
A16: GÜNLÜK KREDİ KARTI
A17: NAKİT VE KREDİ KARTI TOPLAMI
A19: GÜNLÜK KASADAN HARCAMALAR TOPLAMI | D19: =SUM(D21:E33) -> 0
A20: KASA NAKİT HARCAMA DETAYI | B20: AÇIKLAMA | D20: TUTAR
A34: YÖNETİME TESLİM EDİLMESİ GEREKEN NAKİT TUTAR | D34: =D15+D13-D19 -> 0
A35: KASA TESLİMATI AÇIKLAMASI
A36: KASA AÇILIŞI TUTARI | B36: YÖNETİMDEN GELEN TUTAR | C36: KASA ÇIKIŞI | D36: KASADA OLMASI GEREKEN TUTAR | E36: REEL KASA MEVCUDU | F36: ANA KASA KAPANIŞ FARKI
A37: ='13'!E37 -> 3818.48 | C37: =D19 -> 0 | D37: =A37+B37+D15-C37 -> 3818.48 | E37: =D37 -> 3818.48 | F37: =E37-D37 -> 0
A38: CARİ AÇIKLAMASI | B38: DEVİR BAKİYESİ | C38: YENİ ALIM | D38: ÖDEME | E38: SON BAKİYESİ
A39: NURETTİN ATILMIŞ CARİSİ | B39: ='13'!E39 -> 928120 | E39: =B39+C39-D39 -> 928120
A40: DAVUL ÜCRETİ CARİSİ | B40: ='13'!E40 -> 0 | E40: =B40+C40-D40 -> 0
A41: ÖDENMEZ İKRAM TOPLAMI | E41: =SUM(E43:E68) -> 0
A42: ÖDENMEZ İKRAMI KULLANAN ADI SAYADI | B42: ÇEK NO | C42: ÇEKİN İÇERİĞİ (ÜRÜN DETAYI | E42: ÖDENMEZİN TOPLAM TUTARI
A70: İŞLETME GİDERLERİ DETAYI | B70: TUTAR
A71: SANATÇI GİDERİ MİRKELAM + FEHMİ
A72: TEKNİK EKİPMAN GİDERLERİ
A73: MATMAZEL COCO
A74: YEMEK GİDERİ HOME STYLE 250 FINGERFOOD MENÜ ( KİŞİ BAŞI : 1.155 TL KDV DAHİL )
A75: İÇECEK KDV Sİ | B75: =B77*0.1568 -> 0
A76: %10 SERVİS ÜCRETİ ÖDENECEK TUTAR
A77: İÇECEK SATIŞ VE ÖDENMEZ MALİYETİ
A78: =A19 -> GÜNLÜK KASADAN HARCAMALAR TOPLAMI | B78: =D19 -> 0
A79: PERSONEL YEMEK 55 ADET
A81: İŞLETME GİDERLERİ | B81: =SUM(B71:B80) -> 0 | C81: =E2-B81 -> 0 | H81: Gn. Toplam | I81: =SUM(I3:I77) -> 0
H82: FARK | I82: =I81-E41 -> 0
A83: KAPANIŞ DEĞERLENDİRMESİ
H84: SERVİS ÜCRETİ
A93: Raporu Hazırlayan Adı Soyadı | B93: Batuhan ÖZEL

Sheet 15
A1: ='14'!A1+1 -> 46188 | B1: ='[7]1'!B1:E1 -> DADA SALON GÜN SONU RAPORU
C2: GÜNLÜK TOPLAM CİRO | E2: =D4+D5+D6+D7+D8+D9+D10+D11+D12 -> 0 | G2: ÜRÜN DETAYI | H2: ÖDENMEZ İKRAMI KULLANAN ADI SAYADI | I2: ÖDENMEZİN TOPLAM TUTARI
A3: KUVER SAYISI TOPLAMI | D3: ORT.K.BAŞI FİYAT | E3: =E2/C3 -> #DIV/0! | L3: SATIŞ FİYATI
A4: TUZ BİBER BİLET
A5: İTİCKET
A6: PASSO BİLET
A7: BİLETİNİ AL | L7: 150
A8: BİLETİNO MÜŞTERİ SAYISI
A9: BİLETİX MÜŞTERİ SAYISI
A10: BU BİLET MÜŞTERİ SAYISI
A11: CARİ HESAP
A12: SALON SATIŞ KİŞİ SAYISI | C12: =C3-C4-C5-C6-C7-C8-C9-C10-C11 -> 0 | D12: =SUM(D13:E16) -> 0
A13: OTOPARK GELİRİ NAKİT
A14: OTOPARK GELİRİ KREDİ KARTI
A15: GÜNLÜK NAKİT
A16: GÜNLÜK KREDİ KARTI
A17: NAKİT VE KREDİ KARTI TOPLAMI
A19: GÜNLÜK KASADAN HARCAMALAR TOPLAMI | D19: =SUM(D21:E33) -> 0
A20: KASA NAKİT HARCAMA DETAYI | B20: AÇIKLAMA | D20: TUTAR
A34: YÖNETİME TESLİM EDİLMESİ GEREKEN NAKİT TUTAR | D34: =D15+D13-D19 -> 0
A35: KASA TESLİMATI AÇIKLAMASI
A36: KASA AÇILIŞI TUTARI | B36: YÖNETİMDEN GELEN TUTAR | C36: KASA ÇIKIŞI | D36: KASADA OLMASI GEREKEN TUTAR | E36: REEL KASA MEVCUDU | F36: ANA KASA KAPANIŞ FARKI
A37: ='14'!E37 -> 3818.48 | C37: =D19 -> 0 | D37: =A37+B37+D15-C37 -> 3818.48 | E37: =D37 -> 3818.48 | F37: =E37-D37 -> 0
A38: CARİ AÇIKLAMASI | B38: DEVİR BAKİYESİ | C38: YENİ ALIM | D38: ÖDEME | E38: SON BAKİYESİ
A39: NURETTİN ATILMIŞ CARİSİ | B39: ='14'!E39 -> 928120 | E39: =B39+C39-D39 -> 928120
A40: DAVUL ÜCRETİ CARİSİ | B40: ='14'!E40 -> 0 | E40: =B40+C40-D40 -> 0
A41: ÖDENMEZ İKRAM TOPLAMI | E41: =SUM(E43:E68) -> 0
A42: ÖDENMEZ İKRAMI KULLANAN ADI SAYADI | B42: ÇEK NO | C42: ÇEKİN İÇERİĞİ (ÜRÜN DETAYI | E42: ÖDENMEZİN TOPLAM TUTARI
A70: İŞLETME GİDERLERİ DETAYI | B70: TUTAR
A71: SANATÇI GİDERİ
A72: TEKNİK EKİPMAN GİDERLERİ
A73: MATMAZEL COCO
A74: YEMEK GİDERİ BIRLIK GIDA 105 SET MENÜ+ 2 ORDORV TABAĞI
A75: İÇECEK KDV Sİ | B75: =B77*0.1568 -> 0
A76: %10 SERVİS ÜCRETİ ÖDENECEK TUTAR
A77: İÇECEK SATIŞ VE ÖDENMEZ MALİYETİ
A78: =A19 -> GÜNLÜK KASADAN HARCAMALAR TOPLAMI | B78: =D19 -> 0
A79: PERSONEL YEMEK 35 ADET
A81: İŞLETME GİDERLERİ | B81: =SUM(B71:B80) -> 0 | C81: =E2-B81 -> 0 | H81: Gn. Toplam | I81: =SUM(I3:I77) -> 0
H82: FARK | I82: =I81-E41 -> 0
A83: KAPANIŞ DEĞERLENDİRMESİ
H84: SERVİS ÜCRETİ
A93: Raporu Hazırlayan Adı Soyadı | B93: Batuhan ÖZEL

Sheet 16
A1: ='15'!A1+1 -> 46189 | B1: ='[8]1'!B1:E1 -> DADA SALON GÜN SONU RAPORU
C2: GÜNLÜK TOPLAM CİRO | E2: =D4+D5+D6+D7+D8+D9+D10+D11+D12 -> 0 | G2: ÜRÜN DETAYI | H2: ÖDENMEZ İKRAMI KULLANAN ADI SAYADI | I2: ÖDENMEZİN TOPLAM TUTARI
A3: KUVER SAYISI TOPLAMI | D3: ORT.K.BAŞI FİYAT | E3: =E2/C3 -> #DIV/0! | L3: SATIŞ FİYATI
A4: TUZ BİBER BİLET
A5: İTİCKET
A6: PASSO BİLET
A7: BİLETİNİ AL | L7: 150
A8: BİLETİNO MÜŞTERİ SAYISI
A9: BİLETİX MÜŞTERİ SAYISI
A10: BU BİLET MÜŞTERİ SAYISI
A11: CARİ HESAP
A12: SALON SATIŞ KİŞİ SAYISI | C12: =C3-C4-C5-C6-C7-C8-C9-C10-C11 -> 0 | D12: =SUM(D13:E16) -> 0
A13: OTOPARK GELİRİ NAKİT
A14: OTOPARK GELİRİ KREDİ KARTI
A15: GÜNLÜK NAKİT
A16: GÜNLÜK KREDİ KARTI
A17: NAKİT VE KREDİ KARTI TOPLAMI
A19: GÜNLÜK KASADAN HARCAMALAR TOPLAMI | D19: =SUM(D21:E33) -> 0
A20: KASA NAKİT HARCAMA DETAYI | B20: AÇIKLAMA | D20: TUTAR
A34: YÖNETİME TESLİM EDİLMESİ GEREKEN NAKİT TUTAR | D34: =D15+D13-D19 -> 0
A35: KASA TESLİMATI AÇIKLAMASI
A36: KASA AÇILIŞI TUTARI | B36: YÖNETİMDEN GELEN TUTAR | C36: KASA ÇIKIŞI | D36: KASADA OLMASI GEREKEN TUTAR | E36: REEL KASA MEVCUDU | F36: ANA KASA KAPANIŞ FARKI
A37: ='15'!E37 -> 3818.48 | C37: =D19 -> 0 | D37: =A37+B37+D15-C37 -> 3818.48 | E37: =D37 -> 3818.48 | F37: =E37-D37 -> 0
A38: CARİ AÇIKLAMASI | B38: DEVİR BAKİYESİ | C38: YENİ ALIM | D38: ÖDEME | E38: SON BAKİYESİ
A39: NURETTİN ATILMIŞ CARİSİ | B39: ='15'!E39 -> 928120 | E39: =B39+C39-D39 -> 928120
A40: DAVUL ÜCRETİ CARİSİ | B40: ='15'!E40 -> 0 | E40: =B40+C40-D40 -> 0
A41: ÖDENMEZ İKRAM TOPLAMI | E41: =SUM(E43:E68) -> 0
A42: ÖDENMEZ İKRAMI KULLANAN ADI SAYADI | B42: ÇEK NO | C42: ÇEKİN İÇERİĞİ (ÜRÜN DETAYI | E42: ÖDENMEZİN TOPLAM TUTARI
A70: İŞLETME GİDERLERİ DETAYI | B70: TUTAR
A71: SANATÇI GİDERİ
A72: TEKNİK EKİPMAN GİDERLERİ
A73: MATMAZEL COCO
A74: YEMEK GİDERİ BIRLIK GIDA 162 SET MENU
A75: İÇECEK KDV Sİ | B75: =B77*0.1568 -> 0
A76: %10 SERVİS ÜCRETİ ÖDENECEK TUTAR
A77: İÇECEK SATIŞ VE ÖDENMEZ MALİYETİ
A78: =A19 -> GÜNLÜK KASADAN HARCAMALAR TOPLAMI | B78: =D19 -> 0
A79: PERSONEL YEMEK 35 ADET
A81: İŞLETME GİDERLERİ | B81: =SUM(B71:B80) -> 0 | C81: =E2-B81 -> 0 | H81: Gn. Toplam | I81: =SUM(I3:I77) -> 0
H82: FARK | I82: =I81-E41 -> 0
A83: KAPANIŞ DEĞERLENDİRMESİ
H84: SERVİS ÜCRETİ
A93: Raporu Hazırlayan Adı Soyadı | B93: Batuhan ÖZEL

Sheet 17
A1: ='16'!A1+1 -> 46190 | B1: ='[9]1'!B1:E1 -> DADA SALON KABARETT GÜN SONU RAPORU
C2: GÜNLÜK TOPLAM CİRO | E2: =D4+D5+D6+D7+D8+D9+D10+D11+D12 -> 0 | G2: ÜRÜN DETAYI | H2: ÖDENMEZ İKRAMI KULLANAN ADI SAYADI | I2: ÖDENMEZİN TOPLAM TUTARI
A3: KUVER SAYISI TOPLAMI | D3: ORT.K.BAŞI FİYAT | E3: =E2/C3 -> #DIV/0! | L3: SATIŞ FİYATI
A4: TUZ BİBER BİLET
A5: İTİCKET
A6: PASSO BİLET
A7: BİLETİNİ AL | L7: 150
A8: BİLETİNO MÜŞTERİ SAYISI
A9: BİLETİX MÜŞTERİ SAYISI
A10: BU BİLET MÜŞTERİ SAYISI
A11: CARİ HESAP
A12: SALON SATIŞ KİŞİ SAYISI | C12: =C3-C11 -> 0 | D12: =SUM(D13:E16) -> 0
A13: OTOPARK GELİRİ NAKİT
A14: OTOPARK GELİRİ KREDİ KARTI
A15: GÜNLÜK NAKİT
A16: GÜNLÜK KREDİ KARTI
A17: NAKİT VE KREDİ KARTI TOPLAMI
A19: GÜNLÜK KASADAN HARCAMALAR TOPLAMI | D19: =SUM(D21:E33) -> 0
A20: KASA NAKİT HARCAMA DETAYI | B20: AÇIKLAMA | D20: TUTAR
A34: YÖNETİME TESLİM EDİLMESİ GEREKEN NAKİT TUTAR | D34: =D15+D13-D19 -> 0
A35: KASA TESLİMATI AÇIKLAMASI
A36: KASA AÇILIŞI TUTARI | B36: YÖNETİMDEN GELEN TUTAR | C36: KASA ÇIKIŞI | D36: KASADA OLMASI GEREKEN TUTAR | E36: REEL KASA MEVCUDU | F36: ANA KASA KAPANIŞ FARKI
A37: ='16'!E37 -> 3818.48 | C37: =D19 -> 0 | D37: =A37+B37+D15-C37 -> 3818.48 | E37: =D37 -> 3818.48 | F37: =E37-D37 -> 0
A38: CARİ AÇIKLAMASI | B38: DEVİR BAKİYESİ | C38: YENİ ALIM | D38: ÖDEME | E38: SON BAKİYESİ
A39: NURETTİN ATILMIŞ CARİSİ | B39: ='16'!E39 -> 928120 | E39: =B39+C39-D39 -> 928120
A40: DAVUL ÜCRETİ CARİSİ | B40: ='16'!E40 -> 0 | E40: =B40+C40-D40 -> 0
A41: ÖDENMEZ İKRAM TOPLAMI | E41: =SUM(E43:E68) -> 0
A42: ÖDENMEZ İKRAMI KULLANAN ADI SAYADI | B42: ÇEK NO | C42: ÇEKİN İÇERİĞİ (ÜRÜN DETAYI | E42: ÖDENMEZİN TOPLAM TUTARI
A70: İŞLETME GİDERLERİ DETAYI | B70: TUTAR
A71: SANATÇI GİDERİ
A72: TEKNİK EKİPMAN GİDERLERİ
A73: MATMAZEL COCO
A74: YEMEK GİDERİ UMAMİ YEMEK 300 KİŞİ FİNGERFOOD (KİŞİ BAŞI 770 TL KDV DAHIL,AYRICA EXTRA 300 KISILIK TON BALIKLI WREPP FATURA EDILICEK TARAFIMIZA)
A75: İÇECEK KDV Sİ | B75: =B77*0.1568 -> 0
A76: %10 SERVİS ÜCRETİ ÖDENECEK TUTAR
A77: İÇECEK SATIŞ VE ÖDENMEZ MALİYETİ | C77: =B77/C3 -> #DIV/0!
A78: =A19 -> GÜNLÜK KASADAN HARCAMALAR TOPLAMI | B78: =D19 -> 0
A79: PERSONEL YEMEK 35 ADET
A81: İŞLETME GİDERLERİ | B81: =SUM(B71:B80) -> 0 | C81: =E2-B81 -> 0 | H81: Gn. Toplam | I81: =SUM(I3:I77) -> 0
H82: FARK | I82: =I81-E41 -> 0
A83: KAPANIŞ DEĞERLENDİRMESİ
H84: SERVİS ÜCRETİ
A93: Raporu Hazırlayan Adı Soyadı | B93: Batuhan ÖZEL

Sheet 18
A1: ='17'!A1+1 -> 46191 | B1: ='[10]1'!B1:E1 -> DADA SALON KABARETT GÜN SONU RAPORU
C2: GÜNLÜK TOPLAM CİRO | E2: =D4+D5+D6+D7+D8+D9+D10+D11+D12 -> 0 | G2: ÜRÜN DETAYI | H2: ÖDENMEZ İKRAMI KULLANAN ADI SAYADI | I2: ÖDENMEZİN TOPLAM TUTARI
A3: KUVER SAYISI TOPLAMI | D3: ORT.K.BAŞI FİYAT | E3: =E2/C3 -> #DIV/0! | L3: SATIŞ FİYATI
A4: TUZ BİBER BİLET
A5: İTİCKET
A6: PASSO BİLET
A7: BİLETİNİ AL | L7: 150
A8: BİLETİNO MÜŞTERİ SAYISI
A9: BİLETİX MÜŞTERİ SAYISI
A10: BU BİLET MÜŞTERİ SAYISI
A11: CARİ HESAP
A12: SALON SATIŞ KİŞİ SAYISI | C12: =C3-C4-C5-C6-C7-C8-C9-C10-C11 -> 0 | D12: =SUM(D13:E16) -> 0
A13: OTOPARK GELİRİ NAKİT
A14: OTOPARK GELİRİ KREDİ KARTI
A15: GÜNLÜK NAKİT
A16: GÜNLÜK KREDİ KARTI
A17: NAKİT VE KREDİ KARTI TOPLAMI
A19: GÜNLÜK KASADAN HARCAMALAR TOPLAMI | D19: =SUM(D21:E33) -> 0
A20: KASA NAKİT HARCAMA DETAYI | B20: AÇIKLAMA | D20: TUTAR
A34: YÖNETİME TESLİM EDİLMESİ GEREKEN NAKİT TUTAR | D34: =D15+D13-D19 -> 0
A35: KASA TESLİMATI AÇIKLAMASI
A36: KASA AÇILIŞI TUTARI | B36: YÖNETİMDEN GELEN TUTAR | C36: KASA ÇIKIŞI | D36: KASADA OLMASI GEREKEN TUTAR | E36: REEL KASA MEVCUDU | F36: ANA KASA KAPANIŞ FARKI
A37: ='17'!E37 -> 3818.48 | C37: =D19 -> 0 | D37: =A37+B37+D15-C37 -> 3818.48 | E37: =D37 -> 3818.48 | F37: =E37-D37 -> 0
A38: CARİ AÇIKLAMASI | B38: DEVİR BAKİYESİ | C38: YENİ ALIM | D38: ÖDEME | E38: SON BAKİYESİ
A39: NURETTİN ATILMIŞ CARİSİ | B39: ='17'!E39 -> 928120 | E39: =B39+C39-D39 -> 928120
A40: DAVUL ÜCRETİ CARİSİ | B40: ='17'!E40 -> 0 | E40: =B40+C40-D40 -> 0
A41: ÖDENMEZ İKRAM TOPLAMI | E41: =SUM(E43:E68) -> 0
A42: ÖDENMEZ İKRAMI KULLANAN ADI SAYADI | B42: ÇEK NO | C42: ÇEKİN İÇERİĞİ (ÜRÜN DETAYI | E42: ÖDENMEZİN TOPLAM TUTARI
A70: İŞLETME GİDERLERİ DETAYI | B70: TUTAR
A71: SANATÇI GİDERİ
A72: TEKNİK EKİPMAN GİDERLERİ
A73: MATMAZEL COCO
A74: YEMEK GİDERİ BİRLİK GIDA 152 SET MENÜ + 4 DILIM PEYNIR +2 TABAK ORDORV
A75: İÇECEK KDV Sİ | B75: =B77*0.1568 -> 0
A76: %10 SERVİS ÜCRETİ ÖDENECEK TUTAR
A77: İÇECEK SATIŞ VE ÖDENMEZ MALİYETİ | C77: =B77/C3 -> #DIV/0!
A78: =A19 -> GÜNLÜK KASADAN HARCAMALAR TOPLAMI | B78: =D19 -> 0
A79: PERSONEL YEMEK 55 ADET
A81: İŞLETME GİDERLERİ | B81: =SUM(B71:B80) -> 0 | C81: =E2-B81 -> 0 | H81: Gn. Toplam | I81: =SUM(I3:I77) -> 0
H82: FARK | I82: =I81-E41 -> 0
A83: KAPANIŞ DEĞERLENDİRMESİ
H84: SERVİS ÜCRETİ
A93: Raporu Hazırlayan Adı Soyadı | B93: Batuhan ÖZEL

Sheet 19
A1: ='18'!A1+1 -> 46192 | B1: ='1'!B1:E1 -> DADA SALON KABARETT GÜN SONU RAPORU
C2: GÜNLÜK TOPLAM CİRO | E2: =D4+D5+D6+D7+D8+D9+D10+D11+D12 -> 0 | G2: ÜRÜN DETAYI | H2: ÖDENMEZ İKRAMI KULLANAN ADI SAYADI | I2: ÖDENMEZİN TOPLAM TUTARI
A3: KUVER SAYISI TOPLAMI | D3: ORT.K.BAŞI FİYAT | E3: =E2/C3 -> #DIV/0! | L3: SATIŞ FİYATI
A4: TUZ BİBER BİLET
A5: İTİCKET
A6: PASSO BİLET
A7: BİLETİNİ AL | L7: 150
A8: BİLETİNO MÜŞTERİ SAYISI
A9: BİLETİX MÜŞTERİ SAYISI
A10: BU BİLET MÜŞTERİ SAYISI
A11: CARİ HESAP
A12: SALON SATIŞ KİŞİ SAYISI | C12: =C3-C4-C5-C6-C7-C8-C9-C10-C11 -> 0 | D12: =SUM(D13:E16) -> 0
A13: OTOPARK GELİRİ NAKİT
A14: OTOPARK GELİRİ KREDİ KARTI
A15: GÜNLÜK NAKİT
A16: GÜNLÜK KREDİ KARTI
A17: NAKİT VE KREDİ KARTI TOPLAMI
A19: GÜNLÜK KASADAN HARCAMALAR TOPLAMI | D19: =SUM(D21:E33) -> 0
A20: KASA NAKİT HARCAMA DETAYI | B20: AÇIKLAMA | D20: TUTAR
A34: YÖNETİME TESLİM EDİLMESİ GEREKEN NAKİT TUTAR | D34: =D15+D13-D19 -> 0
A35: KASA TESLİMATI AÇIKLAMASI
A36: KASA AÇILIŞI TUTARI | B36: YÖNETİMDEN GELEN TUTAR | C36: KASA ÇIKIŞI | D36: KASADA OLMASI GEREKEN TUTAR | E36: REEL KASA MEVCUDU | F36: ANA KASA KAPANIŞ FARKI
A37: ='18'!E37 -> 3818.48 | C37: =D19 -> 0 | D37: =A37+B37+D15-C37 -> 3818.48 | E37: =D37 -> 3818.48 | F37: =E37-D37 -> 0
A38: CARİ AÇIKLAMASI | B38: DEVİR BAKİYESİ | C38: YENİ ALIM | D38: ÖDEME | E38: SON BAKİYESİ
A39: NURETTİN ATILMIŞ CARİSİ | B39: ='18'!E39 -> 928120 | E39: =B39+C39-D39 -> 928120
A40: DAVUL ÜCRETİ CARİSİ | B40: ='18'!E40 -> 0 | E40: =B40+C40-D40 -> 0
A41: ÖDENMEZ İKRAM TOPLAMI | E41: =SUM(E43:E68) -> 0
A42: ÖDENMEZ İKRAMI KULLANAN ADI SAYADI | B42: ÇEK NO | C42: ÇEKİN İÇERİĞİ (ÜRÜN DETAYI | E42: ÖDENMEZİN TOPLAM TUTARI
A70: İŞLETME GİDERLERİ DETAYI | B70: TUTAR
A71: SANATÇI GİDERİ
A72: TEKNİK EKİPMAN GİDERLERİ
A73: MATMAZEL COCO
A74: YEMEK GİDERİ
A75: İÇECEK KDV Sİ | B75: =B77*0.1568 -> 0
A76: %10 SERVİS ÜCRETİ ÖDENECEK TUTAR
A77: İÇECEK SATIŞ VE ÖDENMEZ MALİYETİ
A78: =A19 -> GÜNLÜK KASADAN HARCAMALAR TOPLAMI | B78: =D19 -> 0
A79: PERSONEL YEMEK 40 ADET
A81: İŞLETME GİDERLERİ | B81: =SUM(B71:B80) -> 0 | C81: =E2-B81 -> 0 | H81: Gn. Toplam | I81: =SUM(I3:I77) -> 0
H82: FARK | I82: =I81-E41 -> 0
A83: KAPANIŞ DEĞERLENDİRMESİ
H84: SERVİS ÜCRETİ
A93: Raporu Hazırlayan Adı Soyadı | B93: Batuhan ÖZEL

Sheet 20
A1: ='19'!A1+1 -> 46193 | B1: ='1'!B1:E1 -> DADA SALON KABARETT GÜN SONU RAPORU
C2: GÜNLÜK TOPLAM CİRO | E2: =D4+D5+D6+D7+D8+D9+D10+D11+D12 -> 0 | G2: ÜRÜN DETAYI | H2: ÖDENMEZ İKRAMI KULLANAN ADI SAYADI | I2: ÖDENMEZİN TOPLAM TUTARI
A3: KUVER SAYISI TOPLAMI | D3: ORT.K.BAŞI FİYAT | E3: =E2/C3 -> #DIV/0! | L3: SATIŞ FİYATI
A4: TUZ BİBER BİLET
A5: İTİCKET
A6: PASSO BİLET
A7: BİLETİNİ AL | L7: 150
A8: BİLETİNO MÜŞTERİ SAYISI
A9: BİLETİX MÜŞTERİ SAYISI
A10: BU BİLET MÜŞTERİ SAYISI
A11: CARİ HESAP
A12: SALON SATIŞ KİŞİ SAYISI | C12: =C3-C4-C5-C6-C7-C8-C9-C10-C11 -> 0 | D12: =SUM(D13:E16) -> 0
A13: OTOPARK GELİRİ NAKİT
A14: OTOPARK GELİRİ KREDİ KARTI
A15: GÜNLÜK NAKİT
A16: GÜNLÜK KREDİ KARTI
A17: NAKİT VE KREDİ KARTI TOPLAMI
A19: GÜNLÜK KASADAN HARCAMALAR TOPLAMI | D19: =SUM(D21:E33) -> 0
A20: KASA NAKİT HARCAMA DETAYI | B20: AÇIKLAMA | D20: TUTAR
A34: YÖNETİME TESLİM EDİLMESİ GEREKEN NAKİT TUTAR | D34: =D15+D13-D19 -> 0
A35: KASA TESLİMATI AÇIKLAMASI
A36: KASA AÇILIŞI TUTARI | B36: YÖNETİMDEN GELEN TUTAR | C36: KASA ÇIKIŞI | D36: KASADA OLMASI GEREKEN TUTAR | E36: REEL KASA MEVCUDU | F36: ANA KASA KAPANIŞ FARKI
A37: ='19'!E37 -> 3818.48 | C37: =D19 -> 0 | D37: =A37+B37+D15-C37 -> 3818.48 | E37: =D37 -> 3818.48 | F37: =E37-D37 -> 0
A38: CARİ AÇIKLAMASI | B38: DEVİR BAKİYESİ | C38: YENİ ALIM | D38: ÖDEME | E38: SON BAKİYESİ
A39: NURETTİN ATILMIŞ CARİSİ | B39: ='19'!E39 -> 928120 | E39: =B39+C39-D39 -> 928120
A40: DAVUL ÜCRETİ CARİSİ | B40: ='19'!E40 -> 0 | E40: =B40+C40-D40 -> 0
A41: ÖDENMEZ İKRAM TOPLAMI | E41: =SUM(E43:E68) -> 0
A42: ÖDENMEZ İKRAMI KULLANAN ADI SAYADI | B42: ÇEK NO | C42: ÇEKİN İÇERİĞİ (ÜRÜN DETAYI | E42: ÖDENMEZİN TOPLAM TUTARI
A70: İŞLETME GİDERLERİ DETAYI | B70: TUTAR
A71: SANATÇI GİDERİ
A72: TEKNİK EKİPMAN GİDERLERİ
A73: MATMAZEL COCO
A74: YEMEK GİDERİBIRLIK GIDA 235 SET MENÜ
A75: İÇECEK KDV Sİ | B75: =B77*0.1568 -> 0
A76: %10 SERVİS ÜCRETİ ÖDENECEK TUTAR
A77: İÇECEK SATIŞ VE ÖDENMEZ MALİYETİ
A78: =A19 -> GÜNLÜK KASADAN HARCAMALAR TOPLAMI | B78: =D19 -> 0
A79: PERSONEL YEMEK 35 ADET
A81: İŞLETME GİDERLERİ | B81: =SUM(B71:B80) -> 0 | C81: =E2-B81 -> 0 | H81: Gn. Toplam | I81: =SUM(I3:I77) -> 0
H82: FARK | I82: =I81-E41 -> 0
A83: KAPANIŞ DEĞERLENDİRMESİ
H84: SERVİS ÜCRETİ
A93: Raporu Hazırlayan Adı Soyadı | B93: Batuhan ÖZEL

Sheet 21
A1: ='20'!A1+1 -> 46194 | B1: DADA TT GÜN SONU RAPORU
C2: GÜNLÜK TOPLAM CİRO | E2: =D4+D5+D6+D7+D8+D9+D10+D11+D12 -> 0 | G2: ÜRÜN DETAYI | H2: ÖDENMEZ İKRAMI KULLANAN ADI SAYADI | I2: ÖDENMEZİN TOPLAM TUTARI
A3: KUVER SAYISI TOPLAMI | D3: ORT.K.BAŞI FİYAT | E3: =E2/C3 -> #DIV/0! | L3: SATIŞ FİYATI
A4: TUZ BİBER BİLET
A5: İTİCKET
A6: PASSO BİLET
A7: BİLETİNİ AL | L7: 150
A8: BİLETİNO MÜŞTERİ SAYISI
A9: BİLETİX MÜŞTERİ SAYISI
A10: BU BİLET MÜŞTERİ SAYISI
A11: CARİ HESAP
A12: SALON SATIŞ KİŞİ SAYISI | C12: =C3-C4-C5-C6-C7-C8-C9-C10-C11 -> 0 | D12: =SUM(D13:E16) -> 0
A13: OTOPARK GELİRİ NAKİT
A14: OTOPARK GELİRİ KREDİ KARTI
A15: GÜNLÜK NAKİT
A16: GÜNLÜK KREDİ KARTI
A17: NAKİT VE KREDİ KARTI TOPLAMI
A19: GÜNLÜK KASADAN HARCAMALAR TOPLAMI | D19: =SUM(D21:E33) -> 0
A20: KASA NAKİT HARCAMA DETAYI | B20: AÇIKLAMA | D20: TUTAR
A34: YÖNETİME TESLİM EDİLMESİ GEREKEN NAKİT TUTAR | D34: =D15+D13-D19 -> 0
A35: KASA TESLİMATI AÇIKLAMASI
A36: KASA AÇILIŞI TUTARI | B36: YÖNETİMDEN GELEN TUTAR | C36: KASA ÇIKIŞI | D36: KASADA OLMASI GEREKEN TUTAR | E36: REEL KASA MEVCUDU | F36: ANA KASA KAPANIŞ FARKI
A37: ='20'!E37 -> 3818.48 | C37: =D19 -> 0 | D37: =A37+B37+D15-C37 -> 3818.48 | E37: =D37 -> 3818.48 | F37: =E37-D37 -> 0
A38: CARİ AÇIKLAMASI | B38: DEVİR BAKİYESİ | C38: YENİ ALIM | D38: ÖDEME | E38: SON BAKİYESİ
A39: NURETTİN ATILMIŞ CARİSİ | B39: ='20'!E39 -> 928120 | E39: =B39+C39-D39 -> 928120
A40: DAVUL ÜCRETİ CARİSİ | B40: ='20'!E40 -> 0 | E40: =B40+C40-D40 -> 0
A41: ÖDENMEZ İKRAM TOPLAMI | E41: =SUM(E43:E68) -> 0
A42: ÖDENMEZ İKRAMI KULLANAN ADI SAYADI | B42: ÇEK NO | C42: ÇEKİN İÇERİĞİ (ÜRÜN DETAYI | E42: ÖDENMEZİN TOPLAM TUTARI
A70: İŞLETME GİDERLERİ DETAYI | B70: TUTAR
A71: SANATÇI GİDERİ
A72: TEKNİK EKİPMAN GİDERLERİ
A73: MATMAZEL COCO
A74: YEMEK GİDERİ BİRLİK GIDA 190 KİŞİ (KISİ BASI KDV DAHIL 880 TL )
A75: İÇECEK KDV Sİ | B75: =B77*0.1568 -> 0
A76: %10 SERVİS ÜCRETİ ÖDENECEK TUTAR
A77: İÇECEK SATIŞ VE ÖDENMEZ MALİYETİ
A78: =A19 -> GÜNLÜK KASADAN HARCAMALAR TOPLAMI | B78: =D19 -> 0
A79: PERSONEL YEMEK 35 ADET
A81: İŞLETME GİDERLERİ | B81: =SUM(B71:B80) -> 0 | C81: =E2-B81 -> 0 | H81: Gn. Toplam | I81: =SUM(I3:I77) -> 0
H82: FARK | I82: =I81-E41 -> 0
A83: KAPANIŞ DEĞERLENDİRMESİ
H84: SERVİS ÜCRETİ
A93: Raporu Hazırlayan Adı Soyadı | B93: Batuhan ÖZEL

Sheet 22
A1: ='21'!A1+1 -> 46195 | B1: ='1'!B1:E1 -> DADA SALON KABARETT GÜN SONU RAPORU
C2: GÜNLÜK TOPLAM CİRO | E2: =D4+D5+D6+D7+D8+D9+D10+D11+D12 -> 0 | G2: ÜRÜN DETAYI | H2: ÖDENMEZ İKRAMI KULLANAN ADI SAYADI | I2: ÖDENMEZİN TOPLAM TUTARI
A3: KUVER SAYISI TOPLAMI | D3: ORT.K.BAŞI FİYAT | E3: =E2/C3 -> #DIV/0!
A4: TUZ BİBER BİLET
A5: İTİCKET
A6: PASSO BİLET
A7: BİLETİNİ AL
A8: BİLETİNO MÜŞTERİ SAYISI
A9: BİLETİX MÜŞTERİ SAYISI
A10: BU BİLET MÜŞTERİ SAYISI
A11: CARİ HESAP
A12: SALON SATIŞ KİŞİ SAYISI | C12: =C3-C4-C5-C6-C7-C8-C9-C10-C11 -> 0 | D12: =SUM(D13:E16) -> 0
A13: OTOPARK GELİRİ NAKİT
A14: OTOPARK GELİRİ KREDİ KARTI
A15: GÜNLÜK NAKİT
A16: GÜNLÜK KREDİ KARTI
A17: NAKİT VE KREDİ KARTI TOPLAMI
A19: GÜNLÜK KASADAN HARCAMALAR TOPLAMI | D19: =SUM(D21:E33) -> 0
A20: KASA NAKİT HARCAMA DETAYI | B20: AÇIKLAMA | D20: TUTAR
A34: YÖNETİME TESLİM EDİLMESİ GEREKEN NAKİT TUTAR | D34: =D15+D13-D19 -> 0
A35: KASA TESLİMATI AÇIKLAMASI
A36: KASA AÇILIŞI TUTARI | B36: YÖNETİMDEN GELEN TUTAR | C36: KASA ÇIKIŞI | D36: KASADA OLMASI GEREKEN TUTAR | E36: REEL KASA MEVCUDU | F36: ANA KASA KAPANIŞ FARKI
A37: ='21'!E37 -> 3818.48 | C37: =D19 -> 0 | D37: =A37+B37+D15-C37 -> 3818.48 | E37: =D37 -> 3818.48 | F37: =E37-D37 -> 0
A38: CARİ AÇIKLAMASI | B38: DEVİR BAKİYESİ | C38: YENİ ALIM | D38: ÖDEME | E38: SON BAKİYESİ
A39: NURETTİN ATILMIŞ CARİSİ | B39: ='21'!E39 -> 928120 | E39: =B39+C39-D39 -> 928120
A40: DAVUL ÜCRETİ CARİSİ | B40: ='21'!E40 -> 0 | E40: =B40+C40-D40 -> 0
A41: ÖDENMEZ İKRAM TOPLAMI | E41: =SUM(E43:E68) -> 0
A42: ÖDENMEZ İKRAMI KULLANAN ADI SAYADI | B42: ÇEK NO | C42: ÇEKİN İÇERİĞİ (ÜRÜN DETAYI | E42: ÖDENMEZİN TOPLAM TUTARI
A70: İŞLETME GİDERLERİ DETAYI | B70: TUTAR
A71: SANATÇI GİDERİ
A72: TEKNİK EKİPMAN GİDERLERİ
A73: MATMAZEL COCO
A74: YEMEK GİDERİ BIRLIK GIDA 97 SET MENÜ + 1 ORDOVR TABAGI
A75: İÇECEK KDV Sİ | B75: =B77*0.1568 -> 0
A76: %10 SERVİS ÜCRETİ ÖDENECEK TUTAR
A77: İÇECEK SATIŞ VE ÖDENMEZ MALİYETİ | C77: =B77/C3 -> #DIV/0!
A78: =A19 -> GÜNLÜK KASADAN HARCAMALAR TOPLAMI | B78: =D19 -> 0
A79: PERSONEL YEMEK 55 ADET
A81: İŞLETME GİDERLERİ | B81: =SUM(B71:B80) -> 0 | C81: =E2-B81 -> 0 | H81: Gn. Toplam | I81: =SUM(I3:I77) -> 0
H82: FARK | I82: =I81-E41 -> 0
A83: KAPANIŞ DEĞERLENDİRMESİ
H84: SERVİS ÜCRETİ
A93: Raporu Hazırlayan Adı Soyadı | B93: Batuhan ÖZEL

Sheet 23
A1: ='22'!A1+1 -> 46196 | B1: ='1'!B1:E1 -> DADA SALON KABARETT GÜN SONU RAPORU
C2: GÜNLÜK TOPLAM CİRO | E2: =D4+D5+D6+D7+D8+D9+D10+D11+D12 -> 0 | G2: ÜRÜN DETAYI | H2: ÖDENMEZ İKRAMI KULLANAN ADI SAYADI | I2: ÖDENMEZİN TOPLAM TUTARI
A3: KUVER SAYISI TOPLAMI | D3: ORT.K.BAŞI FİYAT | E3: =E2/C3 -> #DIV/0!
A4: TUZ BİBER BİLET
A5: İTİCKET
A6: PASSO BİLET
A7: BİLETİNİ AL
A8: BİLETİNO MÜŞTERİ SAYISI
A9: BİLETİX MÜŞTERİ SAYISI
A10: BU BİLET MÜŞTERİ SAYISI
A11: CARİ HESAP
A12: SALON SATIŞ KİŞİ SAYISI | C12: =C3-C4-C5-C6-C7-C8-C9-C10-C11 -> 0 | D12: =SUM(D13:E16) -> 0
A13: OTOPARK GELİRİ NAKİT
A14: OTOPARK GELİRİ KREDİ KARTI
A15: GÜNLÜK NAKİT
A16: GÜNLÜK KREDİ KARTI
A17: NAKİT VE KREDİ KARTI TOPLAMI
A19: GÜNLÜK KASADAN HARCAMALAR TOPLAMI | D19: =SUM(D21:E33) -> 0
A20: KASA NAKİT HARCAMA DETAYI | B20: AÇIKLAMA | D20: TUTAR
A34: YÖNETİME TESLİM EDİLMESİ GEREKEN NAKİT TUTAR | D34: =D15+D13-D19 -> 0
A35: KASA TESLİMATI AÇIKLAMASI
A36: KASA AÇILIŞI TUTARI | B36: YÖNETİMDEN GELEN TUTAR | C36: KASA ÇIKIŞI | D36: KASADA OLMASI GEREKEN TUTAR | E36: REEL KASA MEVCUDU | F36: ANA KASA KAPANIŞ FARKI
A37: ='22'!E37 -> 3818.48 | C37: =D19 -> 0 | D37: =A37+B37+D15-C37 -> 3818.48 | E37: =D37 -> 3818.48 | F37: =E37-D37 -> 0
A38: CARİ AÇIKLAMASI | B38: DEVİR BAKİYESİ | C38: YENİ ALIM | D38: ÖDEME | E38: SON BAKİYESİ
A39: NURETTİN ATILMIŞ CARİSİ | B39: ='22'!E39 -> 928120 | E39: =B39+C39-D39 -> 928120
A40: DAVUL ÜCRETİ CARİSİ | B40: ='22'!E40 -> 0 | C40: 750 | D40: 750 | E40: =B40+C40-D40 -> 0
A41: ÖDENMEZ İKRAM TOPLAMI | E41: =SUM(E43:E68) -> 0
A42: ÖDENMEZ İKRAMI KULLANAN ADI SAYADI | B42: ÇEK NO | C42: ÇEKİN İÇERİĞİ (ÜRÜN DETAYI | E42: ÖDENMEZİN TOPLAM TUTARI
A70: İŞLETME GİDERLERİ DETAYI | B70: TUTAR
A71: SANATÇI GİDERİ
A72: TEKNİK EKİPMAN GİDERLERİ
A73: MATMAZEL COCO
A74: YEMEK GİDERİ
A75: İÇECEK KDV Sİ | B75: =B77*0.1568 -> 0
A76: %10 SERVİS ÜCRETİ ÖDENECEK TUTAR
A77: İÇECEK SATIŞ VE ÖDENMEZ MALİYETİ
A78: =A19 -> GÜNLÜK KASADAN HARCAMALAR TOPLAMI | B78: =D19 -> 0
A79: PERSONEL YEMEK 40 ADET
A81: İŞLETME GİDERLERİ | B81: =SUM(B71:B80) -> 0 | C81: =E2-B81 -> 0 | H81: Gn. Toplam | I81: =SUM(I3:I77) -> 0
H82: FARK | I82: =I81-E41 -> 0
A83: KAPANIŞ DEĞERLENDİRMESİ
H84: SERVİS ÜCRETİ
A93: Raporu Hazırlayan Adı Soyadı | B93: Batuhan ÖZEL

Sheet 24
A1: ='23'!A1+1 -> 46197 | B1: ='1'!B1:E1 -> DADA SALON KABARETT GÜN SONU RAPORU
C2: GÜNLÜK TOPLAM CİRO | E2: =D4+D5+D6+D7+D8+D9+D10+D11+D12 -> 0 | G2: ÜRÜN DETAYI | H2: ÖDENMEZ İKRAMI KULLANAN ADI SAYADI | I2: ÖDENMEZİN TOPLAM TUTARI
A3: KUVER SAYISI TOPLAMI | D3: ORT.K.BAŞI FİYAT | E3: =E2/C3 -> #DIV/0!
A4: TUZ BİBER BİLET
A5: İTİCKET
A6: PASSO BİLET
A7: BİLETİNİ AL
A8: BİLETİNO MÜŞTERİ SAYISI
A9: BİLETİX MÜŞTERİ SAYISI
A10: BU BİLET MÜŞTERİ SAYISI
A11: CARİ HESAP
A12: SALON SATIŞ KİŞİ SAYISI | C12: =C3-C4-C5-C6-C7-C8-C9-C10-C11 -> 0 | D12: =SUM(D13:E16) -> 0
A13: OTOPARK GELİRİ NAKİT
A14: OTOPARK GELİRİ KREDİ KARTI
A15: GÜNLÜK NAKİT
A16: GÜNLÜK KREDİ KARTI
A17: NAKİT VE KREDİ KARTI TOPLAMI
A19: GÜNLÜK KASADAN HARCAMALAR TOPLAMI | D19: =SUM(D21:E33) -> 0
A20: KASA NAKİT HARCAMA DETAYI | B20: AÇIKLAMA | D20: TUTAR
A34: YÖNETİME TESLİM EDİLMESİ GEREKEN NAKİT TUTAR | D34: =D15+D13-D19 -> 0
A35: KASA TESLİMATI AÇIKLAMASI
A36: KASA AÇILIŞI TUTARI | B36: YÖNETİMDEN GELEN TUTAR | C36: KASA ÇIKIŞI | D36: KASADA OLMASI GEREKEN TUTAR | E36: REEL KASA MEVCUDU | F36: ANA KASA KAPANIŞ FARKI
A37: ='23'!E37 -> 3818.48 | C37: =D19 -> 0 | D37: =A37+B37+D15-C37 -> 3818.48 | E37: =D37 -> 3818.48 | F37: =E37-D37 -> 0
A38: CARİ AÇIKLAMASI | B38: DEVİR BAKİYESİ | C38: YENİ ALIM | D38: ÖDEME | E38: SON BAKİYESİ
A39: NURETTİN ATILMIŞ CARİSİ | B39: ='23'!E39 -> 928120 | E39: =B39+C39-D39 -> 928120
A40: DAVUL ÜCRETİ CARİSİ | B40: ='23'!E40 -> 0 | E40: =B40+C40-D40 -> 0
A41: ÖDENMEZ İKRAM TOPLAMI | E41: =SUM(E43:E68) -> 0
A42: ÖDENMEZ İKRAMI KULLANAN ADI SAYADI | B42: ÇEK NO | C42: ÇEKİN İÇERİĞİ (ÜRÜN DETAYI | E42: ÖDENMEZİN TOPLAM TUTARI
A70: İŞLETME GİDERLERİ DETAYI | B70: TUTAR
A71: SANATÇI GİDERİ
A72: TEKNİK EKİPMAN GİDERLERİ
A73: MATMAZEL COCO
A74: YEMEK GİDERİ
A75: İÇECEK KDV Sİ | B75: =B77*0.1568 -> 0
A76: %10 SERVİS ÜCRETİ ÖDENECEK TUTAR
A77: İÇECEK SATIŞ VE ÖDENMEZ MALİYETİ
A78: =A19 -> GÜNLÜK KASADAN HARCAMALAR TOPLAMI | B78: =D19 -> 0
A79: PERSONEL YEMEK 40 ADET
A81: İŞLETME GİDERLERİ | B81: =SUM(B71:B80) -> 0 | C81: =E2-B81 -> 0 | H81: Gn. Toplam | I81: =SUM(I3:I77) -> 0
H82: FARK | I82: =I81-E41 -> 0
A83: KAPANIŞ DEĞERLENDİRMESİ
H84: SERVİS ÜCRETİ
A93: Raporu Hazırlayan Adı Soyadı | B93: Batuhan ÖZEL

Sheet 25
A1: ='24'!A1+1 -> 46198 | B1: ='1'!B1:E1 -> DADA SALON KABARETT GÜN SONU RAPORU
C2: GÜNLÜK TOPLAM CİRO | E2: =D4+D5+D6+D7+D8+D9+D10+D11+D12 -> 0 | G2: ÜRÜN DETAYI | H2: ÖDENMEZ İKRAMI KULLANAN ADI SAYADI | I2: ÖDENMEZİN TOPLAM TUTARI
A3: KUVER SAYISI TOPLAMI | D3: ORT.K.BAŞI FİYAT | E3: =E2/C3 -> #DIV/0!
A4: TUZ BİBER BİLET
A5: İTİCKET
A6: PASSO BİLET
A7: BİLETİNİ AL
A8: BİLETİNO MÜŞTERİ SAYISI | L8: =10080/80 -> 126
A9: BİLETİX MÜŞTERİ SAYISI
A10: BU BİLET MÜŞTERİ SAYISI
A11: CARİ HESAP
A12: SALON SATIŞ KİŞİ SAYISI | C12: =C3-C4-C5-C6-C7-C8-C9-C10-C11 -> 0 | D12: =SUM(D13:E16) -> 0
A13: OTOPARK GELİRİ NAKİT
A14: OTOPARK GELİRİ KREDİ KARTI | L14: =12400/80 -> 155
A15: GÜNLÜK NAKİT
A16: GÜNLÜK KREDİ KARTI
A17: NAKİT VE KREDİ KARTI TOPLAMI
A19: GÜNLÜK KASADAN HARCAMALAR TOPLAMI | D19: =SUM(D21:E33) -> 0
A20: KASA NAKİT HARCAMA DETAYI | B20: AÇIKLAMA | D20: TUTAR
A34: YÖNETİME TESLİM EDİLMESİ GEREKEN NAKİT TUTAR | D34: =D15+D13-D19 -> 0
A35: KASA TESLİMATI AÇIKLAMASI
A36: KASA AÇILIŞI TUTARI | B36: YÖNETİMDEN GELEN TUTAR | C36: KASA ÇIKIŞI | D36: KASADA OLMASI GEREKEN TUTAR | E36: REEL KASA MEVCUDU | F36: ANA KASA KAPANIŞ FARKI
A37: ='24'!E37 -> 3818.48 | C37: =D19 -> 0 | D37: =A37+B37+D15-C37 -> 3818.48 | E37: =D37 -> 3818.48 | F37: =E37-D37 -> 0
A38: CARİ AÇIKLAMASI | B38: DEVİR BAKİYESİ | C38: YENİ ALIM | D38: ÖDEME | E38: SON BAKİYESİ
A39: NURETTİN ATILMIŞ CARİSİ | B39: ='24'!E39 -> 928120 | E39: =B39+C39-D39 -> 928120
A40: DAVUL ÜCRETİ CARİSİ | B40: ='24'!E40 -> 0 | E40: =B40+C40-D40 -> 0
A41: ÖDENMEZ İKRAM TOPLAMI | E41: =SUM(E43:E68) -> 0
A42: ÖDENMEZ İKRAMI KULLANAN ADI SAYADI | B42: ÇEK NO | C42: ÇEKİN İÇERİĞİ (ÜRÜN DETAYI | E42: ÖDENMEZİN TOPLAM TUTARI
A70: İŞLETME GİDERLERİ DETAYI | B70: TUTAR
A71: SANATÇI GİDERİ
A72: TEKNİK EKİPMAN GİDERLERİ
A73: MATMAZEL COCO
A74: YEMEK GİDERİ
A75: İÇECEK KDV Sİ | B75: =B77*0.1568 -> 0
A76: %10 SERVİS ÜCRETİ ÖDENECEK TUTAR
A77: İÇECEK SATIŞ VE ÖDENMEZ MALİYETİ
A78: =A19 -> GÜNLÜK KASADAN HARCAMALAR TOPLAMI | B78: =D19 -> 0
A79: PERSONEL YEMEK 40 ADET
A81: İŞLETME GİDERLERİ | B81: =SUM(B71:B80) -> 0 | C81: =E2-B81 -> 0 | H81: Gn. Toplam | I81: =SUM(I3:I77) -> 0
H82: FARK | I82: =I81-E41 -> 0
A83: KAPANIŞ DEĞERLENDİRMESİ
H84: SERVİS ÜCRETİ
A93: Raporu Hazırlayan Adı Soyadı | B93: Batuhan ÖZEL

Sheet 26
A1: ='25'!A1+1 -> 46199 | B1: ='1'!B1:E1 -> DADA SALON KABARETT GÜN SONU RAPORU
C2: GÜNLÜK TOPLAM CİRO | E2: =D4+D5+D6+D7+D8+D9+D10+D11+D12 -> 0 | G2: ÜRÜN DETAYI | H2: ÖDENMEZ İKRAMI KULLANAN ADI SAYADI | I2: ÖDENMEZİN TOPLAM TUTARI
A3: KUVER SAYISI TOPLAMI | D3: ORT.K.BAŞI FİYAT | E3: =E2/C3 -> #DIV/0!
A4: TUZ BİBER BİLET
A5: İTİCKET
A6: PASSO BİLET
A7: BİLETİNİ AL
A8: BİLETİNO MÜŞTERİ SAYISI
A9: BİLETİX MÜŞTERİ SAYISI
A10: BU BİLET MÜŞTERİ SAYISI
A11: CARİ HESAP
A12: SALON SATIŞ KİŞİ SAYISI | C12: =C3-C4-C5-C6-C7-C8-C9-C10-C11 -> 0 | D12: =SUM(D13:E16) -> 0
A13: OTOPARK GELİRİ NAKİT
A14: OTOPARK GELİRİ KREDİ KARTI
A15: GÜNLÜK NAKİT
A16: GÜNLÜK KREDİ KARTI
A17: NAKİT VE KREDİ KARTI TOPLAMI
A19: GÜNLÜK KASADAN HARCAMALAR TOPLAMI | D19: =SUM(D21:E33) -> 0
A20: KASA NAKİT HARCAMA DETAYI | B20: AÇIKLAMA | D20: TUTAR
A34: YÖNETİME TESLİM EDİLMESİ GEREKEN NAKİT TUTAR | D34: =D15+D13-D19 -> 0
A35: KASA TESLİMATI AÇIKLAMASI
A36: KASA AÇILIŞI TUTARI | B36: YÖNETİMDEN GELEN TUTAR | C36: KASA ÇIKIŞI | D36: KASADA OLMASI GEREKEN TUTAR | E36: REEL KASA MEVCUDU | F36: ANA KASA KAPANIŞ FARKI
A37: ='25'!E37 -> 3818.48 | C37: =D19 -> 0 | D37: =A37+B37+D15-C37 -> 3818.48 | E37: =D37 -> 3818.48 | F37: =E37-D37 -> 0
A38: CARİ AÇIKLAMASI | B38: DEVİR BAKİYESİ | C38: YENİ ALIM | D38: ÖDEME | E38: SON BAKİYESİ
A39: NURETTİN ATILMIŞ CARİSİ | B39: ='25'!E39 -> 928120 | E39: =B39+C39-D39 -> 928120
A40: DAVUL ÜCRETİ CARİSİ | B40: ='25'!E40 -> 0 | E40: =B40+C40-D40 -> 0
A41: ÖDENMEZ İKRAM TOPLAMI | E41: =SUM(E43:E68) -> 0
A42: ÖDENMEZ İKRAMI KULLANAN ADI SAYADI | B42: ÇEK NO | C42: ÇEKİN İÇERİĞİ (ÜRÜN DETAYI | E42: ÖDENMEZİN TOPLAM TUTARI
A70: İŞLETME GİDERLERİ DETAYI | B70: TUTAR
A71: SANATÇI GİDERİ
A72: TEKNİK EKİPMAN GİDERLERİ
A73: MATMAZEL COCO
A74: YEMEK GİDERİ
A75: İÇECEK KDV Sİ | B75: =B77*0.1568 -> 0
A76: %10 SERVİS ÜCRETİ ÖDENECEK TUTAR
A77: İÇECEK SATIŞ VE ÖDENMEZ MALİYETİ
A78: =A19 -> GÜNLÜK KASADAN HARCAMALAR TOPLAMI | B78: =D19 -> 0
A79: PERSONEL YEMEK 40 ADET
A81: İŞLETME GİDERLERİ | B81: =SUM(B71:B80) -> 0 | C81: =E2-B81 -> 0 | H81: Gn. Toplam | I81: =SUM(I3:I77) -> 0
H82: FARK | I82: =I81-E41 -> 0
A83: KAPANIŞ DEĞERLENDİRMESİ
H84: SERVİS ÜCRETİ
A93: Raporu Hazırlayan Adı Soyadı | B93: Batuhan ÖZEL

Sheet 27
A1: ='26'!A1+1 -> 46200 | B1: ='1'!B1:E1 -> DADA SALON KABARETT GÜN SONU RAPORU
C2: GÜNLÜK TOPLAM CİRO | E2: =D4+D5+D6+D7+D8+D9+D10+D11+D12 -> 0 | G2: ÜRÜN DETAYI | H2: ÖDENMEZ İKRAMI KULLANAN ADI SAYADI | I2: ÖDENMEZİN TOPLAM TUTARI
A3: KUVER SAYISI TOPLAMI | D3: ORT.K.BAŞI FİYAT | E3: =E2/C3 -> #DIV/0!
A4: TUZ BİBER BİLET
A5: İTİCKET
A6: PASSO BİLET
A7: BİLETİNİ AL
A8: BİLETİNO MÜŞTERİ SAYISI
A9: BİLETİX MÜŞTERİ SAYISI
A10: BU BİLET MÜŞTERİ SAYISI
A11: CARİ HESAP
A12: SALON SATIŞ KİŞİ SAYISI | C12: =C3-C4-C5-C6-C7-C8-C9-C10-C11 -> 0 | D12: =SUM(D13:E16) -> 0
A13: OTOPARK GELİRİ NAKİT
A14: OTOPARK GELİRİ KREDİ KARTI
A15: GÜNLÜK NAKİT
A16: GÜNLÜK KREDİ KARTI
A17: NAKİT VE KREDİ KARTI TOPLAMI
A19: GÜNLÜK KASADAN HARCAMALAR TOPLAMI | D19: =SUM(D21:E33) -> 0
A20: KASA NAKİT HARCAMA DETAYI | B20: AÇIKLAMA | D20: TUTAR
A34: YÖNETİME TESLİM EDİLMESİ GEREKEN NAKİT TUTAR | D34: =D15+D13-D19 -> 0
A35: KASA TESLİMATI AÇIKLAMASI
A36: KASA AÇILIŞI TUTARI | B36: YÖNETİMDEN GELEN TUTAR | C36: KASA ÇIKIŞI | D36: KASADA OLMASI GEREKEN TUTAR | E36: REEL KASA MEVCUDU | F36: ANA KASA KAPANIŞ FARKI
A37: ='26'!E37 -> 3818.48 | C37: =D19 -> 0 | D37: =A37+B37+D15-C37 -> 3818.48 | E37: =D37 -> 3818.48 | F37: =E37-D37 -> 0
A38: CARİ AÇIKLAMASI | B38: DEVİR BAKİYESİ | C38: YENİ ALIM | D38: ÖDEME | E38: SON BAKİYESİ
A39: NURETTİN ATILMIŞ CARİSİ | B39: ='26'!E39 -> 928120 | E39: =B39+C39-D39 -> 928120
A40: DAVUL ÜCRETİ CARİSİ | B40: ='26'!E40 -> 0 | E40: =B40+C40-D40 -> 0
A41: ÖDENMEZ İKRAM TOPLAMI | E41: =SUM(E43:E68) -> 0
A42: ÖDENMEZ İKRAMI KULLANAN ADI SAYADI | B42: ÇEK NO | C42: ÇEKİN İÇERİĞİ (ÜRÜN DETAYI | E42: ÖDENMEZİN TOPLAM TUTARI
A70: İŞLETME GİDERLERİ DETAYI | B70: TUTAR
A71: SANATÇI GİDERİ
A72: TEKNİK EKİPMAN GİDERLERİ
A73: MATMAZEL COCO
A74: YEMEK GİDERİ
A75: İÇECEK KDV Sİ | B75: =B77*0.1568 -> 0
A76: %10 SERVİS ÜCRETİ ÖDENECEK TUTAR
A77: İÇECEK SATIŞ VE ÖDENMEZ MALİYETİ
A78: =A19 -> GÜNLÜK KASADAN HARCAMALAR TOPLAMI | B78: =D19 -> 0
A79: PERSONEL YEMEK 40 ADET
A81: İŞLETME GİDERLERİ | B81: =SUM(B71:B80) -> 0 | C81: =E2-B81 -> 0 | H81: Gn. Toplam | I81: =SUM(I3:I77) -> 0
H82: FARK | I82: =I81-E41 -> 0
A83: KAPANIŞ DEĞERLENDİRMESİ
H84: SERVİS ÜCRETİ
A93: Raporu Hazırlayan Adı Soyadı | B93: Batuhan ÖZEL

Sheet 28
A1: ='27'!A1+1 -> 46201 | B1: ='1'!B1:E1 -> DADA SALON KABARETT GÜN SONU RAPORU
C2: GÜNLÜK TOPLAM CİRO | E2: =D4+D5+D6+D7+D8+D9+D10+D11+D12 -> 0 | G2: ÜRÜN DETAYI | H2: ÖDENMEZ İKRAMI KULLANAN ADI SAYADI | I2: ÖDENMEZİN TOPLAM TUTARI
A3: KUVER SAYISI TOPLAMI | D3: ORT.K.BAŞI FİYAT | E3: =E2/C3 -> #DIV/0!
A4: TUZ BİBER BİLET
A5: İTİCKET
A6: PASSO BİLET
A7: BİLETİNİ AL
A8: BİLETİNO MÜŞTERİ SAYISI
A9: BİLETİX MÜŞTERİ SAYISI
A10: BU BİLET MÜŞTERİ SAYISI
A11: CARİ HESAP
A12: SALON SATIŞ KİŞİ SAYISI | C12: =C3-C4-C5-C6-C7-C8-C9-C10-C11 -> 0 | D12: =SUM(D13:E16) -> 0
A13: OTOPARK GELİRİ NAKİT
A14: OTOPARK GELİRİ KREDİ KARTI
A15: GÜNLÜK NAKİT
A16: GÜNLÜK KREDİ KARTI
A17: NAKİT VE KREDİ KARTI TOPLAMI
A19: GÜNLÜK KASADAN HARCAMALAR TOPLAMI | D19: =SUM(D21:E33) -> 0
A20: KASA NAKİT HARCAMA DETAYI | B20: AÇIKLAMA | D20: TUTAR
A34: YÖNETİME TESLİM EDİLMESİ GEREKEN NAKİT TUTAR | D34: =D15+D13-D19 -> 0
A35: KASA TESLİMATI AÇIKLAMASI
A36: KASA AÇILIŞI TUTARI | B36: YÖNETİMDEN GELEN TUTAR | C36: KASA ÇIKIŞI | D36: KASADA OLMASI GEREKEN TUTAR | E36: REEL KASA MEVCUDU | F36: ANA KASA KAPANIŞ FARKI
A37: ='27'!E37 -> 3818.48 | C37: =D19 -> 0 | D37: =A37+B37+D15-C37 -> 3818.48 | E37: =D37 -> 3818.48 | F37: =E37-D37 -> 0
A38: CARİ AÇIKLAMASI | B38: DEVİR BAKİYESİ | C38: YENİ ALIM | D38: ÖDEME | E38: SON BAKİYESİ
A39: NURETTİN ATILMIŞ CARİSİ | B39: ='27'!E39 -> 928120 | E39: =B39+C39-D39 -> 928120
A40: DAVUL ÜCRETİ CARİSİ | B40: ='27'!E40 -> 0 | E40: =B40+C40-D40 -> 0
A41: ÖDENMEZ İKRAM TOPLAMI | E41: =SUM(E43:E68) -> 0
A42: ÖDENMEZ İKRAMI KULLANAN ADI SAYADI | B42: ÇEK NO | C42: ÇEKİN İÇERİĞİ (ÜRÜN DETAYI | E42: ÖDENMEZİN TOPLAM TUTARI
A70: İŞLETME GİDERLERİ DETAYI | B70: TUTAR
A71: SANATÇI GİDERİ
A72: TEKNİK EKİPMAN GİDERLERİ
A73: MATMAZEL COCO
A74: YEMEK GİDERİ
A75: İÇECEK KDV Sİ | B75: =B77*0.1568 -> 0
A76: %10 SERVİS ÜCRETİ ÖDENECEK TUTAR
A77: İÇECEK SATIŞ VE ÖDENMEZ MALİYETİ
A78: =A19 -> GÜNLÜK KASADAN HARCAMALAR TOPLAMI | B78: =D19 -> 0
A79: PERSONEL YEMEK 40 ADET
A81: İŞLETME GİDERLERİ | B81: =SUM(B71:B80) -> 0 | C81: =E2-B81 -> 0 | H81: Gn. Toplam | I81: =SUM(I3:I77) -> 0
H82: FARK | I82: =I81-E41 -> 0
A83: KAPANIŞ DEĞERLENDİRMESİ
H84: SERVİS ÜCRETİ
A93: Raporu Hazırlayan Adı Soyadı | B93: Batuhan ÖZEL

Sheet 29
A1: ='28'!A1+1 -> 46202 | B1: ='1'!B1:E1 -> DADA SALON KABARETT GÜN SONU RAPORU
C2: GÜNLÜK TOPLAM CİRO | E2: =D4+D5+D6+D7+D8+D9+D10+D11+D12 -> 0 | G2: ÜRÜN DETAYI | H2: ÖDENMEZ İKRAMI KULLANAN ADI SAYADI | I2: ÖDENMEZİN TOPLAM TUTARI
A3: KUVER SAYISI TOPLAMI | D3: ORT.K.BAŞI FİYAT | E3: =E2/C3 -> #DIV/0!
A4: TUZ BİBER BİLET
A5: İTİCKET
A6: PASSO BİLET
A7: BİLETİNİ AL
A8: BİLETİNO MÜŞTERİ SAYISI
A9: BİLETİX MÜŞTERİ SAYISI
A10: BU BİLET MÜŞTERİ SAYISI
A11: CARİ HESAP
A12: SALON SATIŞ KİŞİ SAYISI | C12: =C3-C4-C5-C6-C7-C8-C9-C10-C11 -> 0 | D12: =SUM(D13:E16) -> 0
A13: OTOPARK GELİRİ NAKİT
A14: OTOPARK GELİRİ KREDİ KARTI
A15: GÜNLÜK NAKİT
A16: GÜNLÜK KREDİ KARTI
A17: NAKİT VE KREDİ KARTI TOPLAMI
A19: GÜNLÜK KASADAN HARCAMALAR TOPLAMI | D19: =SUM(D21:E33) -> 0
A20: KASA NAKİT HARCAMA DETAYI | B20: AÇIKLAMA | D20: TUTAR
A34: YÖNETİME TESLİM EDİLMESİ GEREKEN NAKİT TUTAR | D34: =D15+D13-D19 -> 0
A35: KASA TESLİMATI AÇIKLAMASI
A36: KASA AÇILIŞI TUTARI | B36: YÖNETİMDEN GELEN TUTAR | C36: KASA ÇIKIŞI | D36: KASADA OLMASI GEREKEN TUTAR | E36: REEL KASA MEVCUDU | F36: ANA KASA KAPANIŞ FARKI
A37: ='28'!E37 -> 3818.48 | C37: =D19 -> 0 | D37: =A37+B37+D15-C37 -> 3818.48 | E37: =D37 -> 3818.48 | F37: =E37-D37 -> 0
A38: CARİ AÇIKLAMASI | B38: DEVİR BAKİYESİ | C38: YENİ ALIM | D38: ÖDEME | E38: SON BAKİYESİ
A39: NURETTİN ATILMIŞ CARİSİ | B39: ='28'!E39 -> 928120 | E39: =B39+C39-D39 -> 928120
A40: DAVUL ÜCRETİ CARİSİ | B40: ='28'!E40 -> 0 | E40: =B40+C40-D40 -> 0
A41: ÖDENMEZ İKRAM TOPLAMI | E41: =SUM(E43:E68) -> 0
A42: ÖDENMEZ İKRAMI KULLANAN ADI SAYADI | B42: ÇEK NO | C42: ÇEKİN İÇERİĞİ (ÜRÜN DETAYI | E42: ÖDENMEZİN TOPLAM TUTARI
A70: İŞLETME GİDERLERİ DETAYI | B70: TUTAR
A71: SANATÇI GİDERİ
A72: TEKNİK EKİPMAN GİDERLERİ
A73: MATMAZEL COCO
A74: YEMEK GİDERİ
A75: İÇECEK KDV Sİ | B75: =B77*0.1568 -> 0
A76: %10 SERVİS ÜCRETİ ÖDENECEK TUTAR
A77: İÇECEK SATIŞ VE ÖDENMEZ MALİYETİ
A78: =A19 -> GÜNLÜK KASADAN HARCAMALAR TOPLAMI | B78: =D19 -> 0
A79: PERSONEL YEMEK 40 ADET
A81: İŞLETME GİDERLERİ | B81: =SUM(B71:B80) -> 0 | C81: =E2-B81 -> 0 | H81: Gn. Toplam | I81: =SUM(I3:I77) -> 0
H82: FARK | I82: =I81-E41 -> 0
A83: KAPANIŞ DEĞERLENDİRMESİ
H84: SERVİS ÜCRETİ
A93: Raporu Hazırlayan Adı Soyadı | B93: Batuhan ÖZEL

Sheet 30
A1: ='29'!A1+1 -> 46203 | B1: ='1'!B1:E1 -> DADA SALON KABARETT GÜN SONU RAPORU
C2: GÜNLÜK TOPLAM CİRO | E2: =D4+D5+D6+D7+D8+D9+D10+D11+D12 -> 0 | G2: ÜRÜN DETAYI | H2: ÖDENMEZ İKRAMI KULLANAN ADI SAYADI | I2: ÖDENMEZİN TOPLAM TUTARI
A3: KUVER SAYISI TOPLAMI | D3: ORT.K.BAŞI FİYAT | E3: =E2/C3 -> #DIV/0!
A4: TUZ BİBER BİLET
A5: İTİCKET
A6: PASSO BİLET
A7: BİLETİNİ AL
A8: BİLETİNO MÜŞTERİ SAYISI
A9: BİLETİX MÜŞTERİ SAYISI
A10: BU BİLET MÜŞTERİ SAYISI
A11: CARİ HESAP
A12: SALON SATIŞ KİŞİ SAYISI | C12: =C3-C4-C5-C6-C7-C8-C9-C10-C11 -> 0 | D12: =SUM(D13:E16) -> 0
A13: OTOPARK GELİRİ NAKİT
A14: OTOPARK GELİRİ KREDİ KARTI
A15: GÜNLÜK NAKİT
A16: GÜNLÜK KREDİ KARTI
A17: NAKİT VE KREDİ KARTI TOPLAMI
A19: GÜNLÜK KASADAN HARCAMALAR TOPLAMI | D19: =SUM(D21:E33) -> 0
A20: KASA NAKİT HARCAMA DETAYI | B20: AÇIKLAMA | D20: TUTAR
A34: YÖNETİME TESLİM EDİLMESİ GEREKEN NAKİT TUTAR | D34: =D15+D13-D19 -> 0
A35: KASA TESLİMATI AÇIKLAMASI
A36: KASA AÇILIŞI TUTARI | B36: YÖNETİMDEN GELEN TUTAR | C36: KASA ÇIKIŞI | D36: KASADA OLMASI GEREKEN TUTAR | E36: REEL KASA MEVCUDU | F36: ANA KASA KAPANIŞ FARKI
A37: ='29'!E37 -> 3818.48 | C37: =D19 -> 0 | D37: =A37+B37+D15-C37 -> 3818.48 | E37: =D37 -> 3818.48 | F37: =E37-D37 -> 0
A38: CARİ AÇIKLAMASI | B38: DEVİR BAKİYESİ | C38: YENİ ALIM | D38: ÖDEME | E38: SON BAKİYESİ
A39: NURETTİN ATILMIŞ CARİSİ | B39: ='29'!E39 -> 928120 | E39: =B39+C39-D39 -> 928120
A40: DAVUL ÜCRETİ CARİSİ | B40: ='29'!E40 -> 0 | E40: =B40+C40-D40 -> 0
A41: ÖDENMEZ İKRAM TOPLAMI | E41: =SUM(E43:E68) -> 0
A42: ÖDENMEZ İKRAMI KULLANAN ADI SAYADI | B42: ÇEK NO | C42: ÇEKİN İÇERİĞİ (ÜRÜN DETAYI | E42: ÖDENMEZİN TOPLAM TUTARI
A70: İŞLETME GİDERLERİ DETAYI | B70: TUTAR
A71: SANATÇI GİDERİ
A72: TEKNİK EKİPMAN GİDERLERİ
A73: MATMAZEL COCO
A74: YEMEK GİDERİ
A75: İÇECEK KDV Sİ | B75: =B77*0.1568 -> 0
A76: %10 SERVİS ÜCRETİ ÖDENECEK TUTAR
A77: İÇECEK SATIŞ VE ÖDENMEZ MALİYETİ
A78: =A19 -> GÜNLÜK KASADAN HARCAMALAR TOPLAMI | B78: =D19 -> 0
A79: PERSONEL YEMEK 40 ADET
A81: İŞLETME GİDERLERİ | B81: =SUM(B71:B80) -> 0 | C81: =E2-B81 -> 0 | H81: Gn. Toplam | I81: =SUM(I3:I77) -> 0
H82: FARK | I82: =I81-E41 -> 0
A83: KAPANIŞ DEĞERLENDİRMESİ
H84: SERVİS ÜCRETİ
A93: Raporu Hazırlayan Adı Soyadı | B93: Batuhan ÖZEL

Sheet 31
A1: ='30'!A1+1 -> 46204 | B1: ='1'!B1:E1 -> DADA SALON KABARETT GÜN SONU RAPORU
C2: GÜNLÜK TOPLAM CİRO | E2: =D4+D5+D6+D7+D8+D9+D10+D11+D12 -> 0 | G2: ÜRÜN DETAYI | H2: ÖDENMEZ İKRAMI KULLANAN ADI SAYADI | I2: ÖDENMEZİN TOPLAM TUTARI
A3: KUVER SAYISI TOPLAMI | D3: ORT.K.BAŞI FİYAT | E3: =E2/C3 -> #DIV/0!
A4: TUZ BİBER BİLET
A5: İTİCKET
A6: PASSO BİLET
A7: BİLETİNİ AL
A8: BİLETİNO MÜŞTERİ SAYISI
A9: BİLETİX MÜŞTERİ SAYISI
A10: BU BİLET MÜŞTERİ SAYISI
A11: CARİ HESAP
A12: SALON SATIŞ KİŞİ SAYISI | C12: =C3-C4-C5-C6-C7-C8-C9-C10-C11 -> 0 | D12: =SUM(D13:E16) -> 0
A13: OTOPARK GELİRİ NAKİT
A14: OTOPARK GELİRİ KREDİ KARTI
A15: GÜNLÜK NAKİT
A16: GÜNLÜK KREDİ KARTI
A17: NAKİT VE KREDİ KARTI TOPLAMI
A19: GÜNLÜK KASADAN HARCAMALAR TOPLAMI | D19: =SUM(D21:E33) -> 0
A20: KASA NAKİT HARCAMA DETAYI | B20: AÇIKLAMA | D20: TUTAR
A34: YÖNETİME TESLİM EDİLMESİ GEREKEN NAKİT TUTAR | D34: =D15+D13-D19 -> 0
A35: KASA TESLİMATI AÇIKLAMASI
A36: KASA AÇILIŞI TUTARI | B36: YÖNETİMDEN GELEN TUTAR | C36: KASA ÇIKIŞI | D36: KASADA OLMASI GEREKEN TUTAR | E36: REEL KASA MEVCUDU | F36: ANA KASA KAPANIŞ FARKI
A37: ='30'!E37 -> 3818.48 | C37: =D19 -> 0 | D37: =A37+B37+D15-C37 -> 3818.48 | E37: =D37 -> 3818.48 | F37: =E37-D37 -> 0
A38: CARİ AÇIKLAMASI | B38: DEVİR BAKİYESİ | C38: YENİ ALIM | D38: ÖDEME | E38: SON BAKİYESİ
A39: NURETTİN ATILMIŞ CARİSİ | B39: ='30'!E39 -> 928120 | E39: =B39+C39-D39 -> 928120
A40: DAVUL ÜCRETİ CARİSİ | B40: ='30'!E40 -> 0 | E40: =B40+C40-D40 -> 0
A41: ÖDENMEZ İKRAM TOPLAMI | E41: =SUM(E43:E68) -> 0
A42: ÖDENMEZ İKRAMI KULLANAN ADI SAYADI | B42: ÇEK NO | C42: ÇEKİN İÇERİĞİ (ÜRÜN DETAYI | E42: ÖDENMEZİN TOPLAM TUTARI
A70: İŞLETME GİDERLERİ DETAYI | B70: TUTAR
A71: SANATÇI GİDERİ
A72: TEKNİK EKİPMAN GİDERLERİ
A73: MATMAZEL COCO
A74: YEMEK GİDERİ
A75: İÇECEK KDV Sİ | B75: =B77*0.1568 -> 0
A76: %10 SERVİS ÜCRETİ ÖDENECEK TUTAR
A77: İÇECEK SATIŞ VE ÖDENMEZ MALİYETİ
A78: =A19 -> GÜNLÜK KASADAN HARCAMALAR TOPLAMI | B78: =D19 -> 0
A79: PERSONEL YEMEK 40 ADET
A81: İŞLETME GİDERLERİ | B81: =SUM(B71:B80) -> 0 | C81: =E2-B81 -> 0 | H81: Gn. Toplam | I81: =SUM(I3:I77) -> 0
H82: FARK | I82: =I81-E41 -> 0
A83: KAPANIŞ DEĞERLENDİRMESİ
H84: SERVİS ÜCRETİ
A93: Raporu Hazırlayan Adı Soyadı | B93: Batuhan ÖZEL

Sheet GN TOPLAM
A1: DADA SALON KABARETT HAZİRAN 2026 GELİR RAPORLARI
A2: AÇIKLAMA | B2: ='1'!A1 -> 46174 | C2: =B2+1 -> 46175 | D2: =C2+1 -> 46176 | E2: =D2+1 -> 46177 | F2: =E2+1 -> 46178 | G2: =F2+1 -> 46179 | H2: =G2+1 -> 46180 | I2: =H2+1 -> 46181 | J2: =I2+1 -> 46182 | ... Q2: =P2+1 -> 46189
A3: KUVER SAYISI TOPLAMI | B3: ='1'!$C$3 -> 0 | C3: ='2'!$C$3 -> 0 | D3: ='3'!$C$3 -> 0 | E3: ='4'!$C$3 -> 0 | F3: ='5'!$C$3 -> 45 | G3: ='6'!$C$3 -> 0 | H3: ='7'!$C$3 -> 0 | I3: ='8'!$C$3 -> 0 | J3: ='9'!$C$3 -> 0 | K3: ='10'!$C$3 -> 0 | L3: ='11'!$C$3 -> 0 | M3: ='12'!$C$3 -> 0 | N3: ='13'!$C$3 -> 0 | O3: ='14'!$C$3 -> 0 | P3: ='15'!$C$3 -> 0 | Q3: ='16'!$C$3 -> 0
A4: TUZ BİBER BİLET | B4: ='1'!$C$4 -> 0 | C4: ='2'!$C$4 -> 0 | D4: ='3'!$C$4 -> 0 | E4: ='4'!$C$4 -> 0 | F4: ='5'!$C$4 -> 0 | G4: ='6'!$C$4 -> 0 | H4: ='7'!$C$4 -> 0 | I4: ='8'!$C$4 -> 0 | J4: ='9'!$C$4 -> 0 | K4: ='10'!$C$4 -> 0 | L4: ='11'!$C$4 -> 0 | M4: ='12'!$C$4 -> 0 | N4: ='13'!$C$4 -> 0 | O4: ='14'!$C$4 -> 0 | P4: ='15'!$C$4 -> 0 | Q4: ='16'!$C$4 -> 0
A5: İTİCKET | B5: ='1'!$C$5 -> 0 | C5: ='2'!$C$5 -> 0 | D5: ='3'!$C$5 -> 0 | E5: ='4'!$C$5 -> 0 | F5: ='5'!$C$5 -> 0 | G5: ='6'!$C$5 -> 0 | H5: ='7'!$C$5 -> 0 | I5: ='8'!$C$5 -> 0 | J5: ='9'!$C$5 -> 0 | K5: ='10'!$C$5 -> 0 | L5: ='11'!$C$5 -> 0 | M5: ='12'!$C$5 -> 0 | N5: ='13'!$C$5 -> 0 | O5: ='14'!$C$5 -> 0 | P5: ='15'!$C$5 -> 0 | Q5: ='16'!$C$5 -> 0
A6: PASSO BİLET | B6: ='1'!$C$6 -> 0 | C6: ='2'!$C$6 -> 0 | D6: ='3'!$C$6 -> 0 | E6: ='4'!$C$6 -> 0 | F6: ='5'!$C$6 -> 0 | G6: ='6'!$C$6 -> 0 | H6: ='7'!$C$6 -> 0 | I6: ='8'!$C$6 -> 0 | J6: ='9'!$C$6 -> 0 | K6: ='10'!$C$6 -> 0 | L6: ='11'!$C$6 -> 0 | M6: ='12'!$C$6 -> 0 | N6: ='13'!$C$6 -> 0 | O6: ='14'!$C$6 -> 0 | P6: ='15'!$C$6 -> 0 | Q6: ='16'!$C$6 -> 0
A7: BİLETİNİ AL | B7: ='1'!$C$7 -> 0 | C7: ='2'!$C$7 -> 0 | D7: ='3'!$C$7 -> 0 | E7: ='4'!$C$7 -> 0 | F7: ='5'!$C$7 -> 0 | G7: ='6'!$C$7 -> 0 | H7: ='7'!$C$7 -> 0 | I7: ='8'!$C$7 -> 0 | J7: ='9'!$C$7 -> 0 | K7: ='10'!$C$7 -> 0 | L7: ='11'!$C$7 -> 0 | M7: ='12'!$C$7 -> 0 | N7: ='13'!$C$7 -> 0 | O7: ='14'!$C$7 -> 0 | P7: ='15'!$C$7 -> 0 | Q7: ='16'!$C$7 -> 0
A8: BİLETİNO MÜŞTERİ SAYISI | B8: ='1'!$C$8 -> 0 | C8: ='2'!$C$8 -> 0 | D8: ='3'!$C$8 -> 0 | E8: ='4'!$C$8 -> 0 | F8: ='5'!$C$8 -> 0 | G8: ='6'!$C$8 -> 0 | H8: ='7'!$C$8 -> 0 | I8: ='8'!$C$8 -> 0 | J8: ='9'!$C$8 -> 0 | K8: ='10'!$C$8 -> 0 | L8: ='11'!$C$8 -> 0 | M8: ='12'!$C$8 -> 0 | N8: ='13'!$C$8 -> 0 | O8: ='14'!$C$8 -> 0 | P8: ='15'!$C$8 -> 0 | Q8: ='16'!$C$8 -> 0
A9: BİLETİX MÜŞTERİ SAYISI | B9: ='1'!$C$9 -> 0 | C9: ='2'!$C$9 -> 0 | D9: ='3'!$C$9 -> 0 | E9: ='4'!$C$9 -> 0 | F9: ='5'!$C$9 -> 2 | G9: ='6'!$C$9 -> 0 | H9: ='7'!$C$9 -> 0 | I9: ='8'!$C$9 -> 0 | J9: ='9'!$C$9 -> 0 | K9: ='10'!$C$9 -> 0 | L9: ='11'!$C$9 -> 0 | M9: ='12'!$C$9 -> 0 | N9: ='13'!$C$9 -> 0 | O9: ='14'!$C$9 -> 0 | P9: ='15'!$C$9 -> 0 | Q9: ='16'!$C$9 -> 0
A10: BU BİLET MÜŞTERİ SAYISI | B10: ='1'!$C$10 -> 0 | C10: ='2'!$C$10 -> 0 | D10: ='3'!$C$10 -> 0 | E10: ='4'!$C$10 -> 0 | F10: ='5'!$C$10 -> 0 | G10: ='6'!$C$10 -> 0 | H10: ='7'!$C$10 -> 0 | I10: ='8'!$C$10 -> 0 | J10: ='9'!$C$10 -> 0 | K10: ='10'!$C$10 -> 0 | L10: ='11'!$C$10 -> 0 | M10: ='12'!$C$10 -> 0 | N10: ='13'!$C$10 -> 0 | O10: ='14'!$C$10 -> 0 | P10: ='15'!$C$10 -> 0 | Q10: ='16'!$C$10 -> 0
A11: CARİ HESAP | B11: ='1'!$C$11 -> 0 | C11: ='2'!$C$11 -> 0 | D11: ='3'!$C$11 -> 0 | E11: ='4'!$C$11 -> 0 | F11: ='5'!$C$11 -> 5 | G11: ='6'!$C$11 -> 0 | H11: ='7'!$C$11 -> 0 | I11: ='8'!$C$11 -> 0 | J11: ='9'!$C$11 -> 0 | K11: ='10'!$C$11 -> 0 | L11: ='11'!$C$11 -> 0 | M11: ='12'!$C$11 -> 0 | N11: ='13'!$C$11 -> 0 | O11: ='14'!$C$11 -> 0 | P11: ='15'!$C$11 -> 0 | Q11: ='16'!$C$11 -> 0
A12: SALON SATIŞ KİŞİ SAYISI | B12: ='1'!$C$12 -> 0 | C12: ='2'!$C$12 -> 0 | D12: ='3'!$C$12 -> 0 | E12: ='4'!$C$12 -> 0 | F12: ='5'!$C$12 -> 38 | G12: ='6'!$C$12 -> 0 | H12: ='7'!$C$12 -> 0 | I12: ='8'!$C$12 -> 0 | J12: ='9'!$C$12 -> 0 | K12: ='10'!$C$12 -> 0 | L12: ='11'!$C$12 -> 0 | M12: ='12'!$C$12 -> 0 | N12: ='13'!$C$12 -> 0 | O12: ='14'!$C$12 -> 0 | P12: ='15'!$C$12 -> 0 | Q12: ='16'!$C$12 -> 0
A13: SALON NAKİT SATIŞ TUTARI | B13: ='1'!$D$13+'1'!$D$15 -> 0 | C13: ='2'!$D$13+'2'!$D$15 -> 0 | D13: ='3'!$D$13+'3'!$D$15 -> 0 | E13: ='4'!$D$13+'4'!$D$15 -> 0 | F13: ='5'!$D$13+'5'!$D$15 -> 0 | G13: ='6'!$D$13+'6'!$D$15 -> 0 | H13: ='7'!$D$13+'7'!$D$15 -> 0 | I13: ='8'!$D$13+'8'!$D$15 -> 0 | J13: ='9'!$D$13+'9'!$D$15 -> 0 | K13: ='10'!$D$13+'10'!$D$15 -> 0 | L13: ='11'!$D$13+'11'!$D$15 -> 0 | M13: ='12'!$D$13+'12'!$D$15 -> 0 | N13: ='13'!$D$13+'13'!$D$15 -> 0 | O13: ='14'!$D$13+'14'!$D$15 -> 0 | P13: ='15'!$D$13+'15'!$D$15 -> 0 | Q13: ='16'!$D$13+'16'!$D$15 -> 0
A14: SALON KREDİ KARTISATIŞ TUTARI | B14: ='1'!$D$14+'1'!$D$16 -> 0 | C14: ='2'!$D$14+'2'!$D$16 -> 0 | D14: ='3'!$D$14+'3'!$D$16 -> 0 | E14: ='4'!$D$14+'4'!$D$16 -> 0 | F14: ='5'!$D$14+'5'!$D$16 -> 226065 | G14: ='6'!$D$14+'6'!$D$16 -> 0 | H14: ='7'!$D$14+'7'!$D$16 -> 0 | I14: ='8'!$D$14+'8'!$D$16 -> 0 | J14: ='9'!$D$14+'9'!$D$16 -> 0 | K14: ='10'!$D$14+'10'!$D$16 -> 0 | L14: ='11'!$D$14+'11'!$D$16 -> 0 | M14: ='12'!$D$14+'12'!$D$16 -> 0 | N14: ='13'!$D$14+'13'!$D$16 -> 0 | O14: ='14'!$D$14+'14'!$D$16 -> 0 | P14: ='15'!$D$14+'15'!$D$16 -> 0 | Q14: ='16'!$D$14+'16'!$D$16 -> 0
A15: TUZ BİBER BİLET GELİRİ | B15: ='1'!$D$4 -> 0 | C15: ='2'!$D$4 -> 0 | D15: ='3'!$D$4 -> 0 | E15: ='4'!$D$4 -> 0 | F15: ='5'!$D$4 -> 0 | G15: ='6'!$D$4 -> 0 | H15: ='7'!$D$4 -> 0 | I15: ='8'!$D$4 -> 0 | J15: ='9'!$D$4 -> 0 | K15: ='10'!$D$4 -> 0 | L15: ='11'!$D$4 -> 0 | M15: ='12'!$D$4 -> 0 | N15: ='13'!$D$4 -> 0 | O15: ='14'!$D$4 -> 0 | P15: ='15'!$D$4 -> 0 | Q15: ='16'!$D$4 -> 0
A16: İTİCKET GELİRİ | B16: ='1'!$D$5 -> 0 | C16: ='2'!$D$5 -> 0 | D16: ='3'!$D$5 -> 0 | E16: ='4'!$D$5 -> 0 | F16: ='5'!$D$5 -> 0 | G16: ='6'!$D$5 -> 0 | H16: ='7'!$D$5 -> 0 | I16: ='8'!$D$5 -> 0 | J16: ='9'!$D$5 -> 0 | K16: ='10'!$D$5 -> 0 | L16: ='11'!$D$5 -> 0 | M16: ='12'!$D$5 -> 0 | N16: ='13'!$D$5 -> 0 | O16: ='14'!$D$5 -> 0 | P16: ='15'!$D$5 -> 0 | Q16: ='16'!$D$5 -> 0
A17: BİLETİNİ AL GELİRİ | B17: ='1'!$D$7 -> 0 | C17: ='2'!$D$7 -> 0 | D17: ='3'!$D$7 -> 0 | E17: ='4'!$D$7 -> 0 | F17: ='5'!$D$7 -> 0 | G17: ='6'!$D$7 -> 0 | H17: ='7'!$D$7 -> 0 | I17: ='8'!$D$7 -> 0 | J17: ='9'!$D$7 -> 0 | K17: ='10'!$D$7 -> 0 | L17: ='11'!$D$7 -> 0 | M17: ='12'!$D$7 -> 0 | N17: ='13'!$D$7 -> 0 | O17: ='14'!$D$7 -> 0 | P17: ='15'!$D$7 -> 0 | Q17: ='16'!$D$7 -> 0
A18: PASSO BİLET GELİRİ | B18: ='1'!$D$6 -> 0 | C18: ='2'!$D$6 -> 0 | D18: ='3'!$D$6 -> 0 | E18: ='4'!$D$6 -> 0 | F18: ='5'!$D$6 -> 0 | G18: ='6'!$D$6 -> 0 | H18: ='7'!$D$6 -> 0 | I18: ='8'!$D$6 -> 0 | J18: ='9'!$D$6 -> 0 | K18: ='10'!$D$6 -> 0 | L18: ='11'!$D$6 -> 0 | M18: ='12'!$D$6 -> 0 | N18: ='13'!$D$6 -> 0 | O18: ='14'!$D$6 -> 0 | P18: ='15'!$D$6 -> 0 | Q18: ='16'!$D$6 -> 0
A19: BİLETİNO MÜŞTERİ SAYISI GELİRİ | B19: ='1'!$D$8 -> 0 | C19: ='2'!$D$8 -> 0 | D19: ='3'!$D$8 -> 0 | E19: ='4'!$D$8 -> 0 | F19: ='5'!$D$8 -> 0 | G19: ='6'!$D$8 -> 0 | H19: ='7'!$D$8 -> 0 | I19: ='8'!$D$8 -> 0 | J19: ='9'!$D$8 -> 0 | K19: ='10'!$D$8 -> 0 | L19: ='11'!$D$8 -> 0 | M19: ='12'!$D$8 -> 0 | N19: ='13'!$D$8 -> 0 | O19: ='14'!$D$8 -> 0 | P19: ='15'!$D$8 -> 0 | Q19: ='16'!$D$8 -> 0
A20: BİLETİX GELİRİ | B20: ='1'!$D$9 -> 0 | C20: ='2'!$D$9 -> 0 | D20: ='3'!$D$9 -> 0 | E20: ='4'!$D$9 -> 0 | F20: ='5'!$D$9 -> 13000 | G20: ='6'!$D$9 -> 0 | H20: ='7'!$D$9 -> 0 | I20: ='8'!$D$9 -> 0 | J20: ='9'!$D$9 -> 0 | K20: ='10'!$D$9 -> 0 | L20: ='11'!$D$9 -> 0 | M20: ='12'!$D$9 -> 0 | N20: ='13'!$D$9 -> 0 | O20: ='14'!$D$9 -> 0 | P20: ='15'!$D$9 -> 0 | Q20: ='16'!$D$9 -> 0
A21: BU BİLET | B21: ='1'!$D$10 -> 0 | C21: ='2'!$D$10 -> 0 | D21: ='3'!$D$10 -> 0 | E21: ='4'!$D$10 -> 0 | F21: ='5'!$D$10 -> 0 | G21: ='6'!$D$10 -> 0 | H21: ='7'!$D$10 -> 0 | I21: ='8'!$D$10 -> 0 | J21: ='9'!$D$10 -> 0 | K21: ='10'!$D$10 -> 0 | L21: ='11'!$D$10 -> 0 | M21: ='12'!$D$10 -> 0 | N21: ='13'!$D$10 -> 0 | O21: ='14'!$D$10 -> 0 | P21: ='15'!$D$10 -> 0 | Q21: ='16'!$D$10 -> 0
A22: CARİ HESAPLAR TOPLAMI | B22: ='1'!$D$11 -> 0 | C22: ='2'!$D$11 -> 0 | D22: ='3'!$D$11 -> 0 | E22: ='4'!$D$11 -> 0 | F22: ='5'!$D$11 -> 29200 | G22: ='6'!$D$11 -> 0 | H22: ='7'!$D$11 -> 0 | I22: ='8'!$D$11 -> 0 | J22: ='9'!$D$11 -> 0 | K22: ='10'!$D$11 -> 0 | L22: ='11'!$D$11 -> 0 | M22: ='12'!$D$11 -> 0 | N22: ='13'!$D$11 -> 0 | O22: ='14'!$D$11 -> 0 | P22: ='15'!$D$11 -> 0 | Q22: ='16'!$D$11 -> 0
A23: GÜNLÜK TOPLAM GELİR | B23: =SUM(B13:B22) -> 0 | C23: =SUM(C13:C22) -> 0 | D23: =SUM(D13:D22) -> 0 | E23: =SUM(E13:E22) -> 0 | F23: =SUM(F13:F22) -> 268265 | G23: =SUM(G13:G22) -> 0 | H23: =SUM(H13:H22) -> 0 | I23: =SUM(I13:I22) -> 0 | ... Q23: =SUM(Q13:Q22) -> 0
A24: GÜNLÜK KASADAN HARCAMALAR TOPLAMI | B24: ='1'!$D$19 -> 0 | C24: ='2'!$D$19 -> 0 | D24: ='3'!$D$19 -> 0 | E24: ='4'!$D$19 -> 0 | F24: ='5'!$D$19 -> 39930 | G24: ='6'!$D$19 -> 0 | H24: ='7'!$D$19 -> 0 | I24: ='8'!$D$19 -> 0 | J24: ='9'!$D$19 -> 0 | K24: ='10'!$D$19 -> 0 | L24: ='11'!$D$19 -> 0 | M24: ='12'!$D$19 -> 0 | N24: ='13'!$D$19 -> 0 | O24: ='14'!$D$19 -> 0 | P24: ='15'!$D$19 -> 0 | Q24: ='16'!$D$19 -> 0
A25: YÖNETİME TESLİM EDİLMESİ GEREKEN NAKİT TUTAR | B25: ='1'!$D$34 -> 0 | C25: ='2'!$D$34 -> 0 | D25: ='3'!$D$34 -> 0 | E25: ='4'!$D$34 -> 0 | F25: ='5'!$D$34 -> -39930 | G25: ='6'!$D$34 -> 0 | H25: ='7'!$D$34 -> 0 | I25: ='8'!$D$34 -> 0 | J25: ='9'!$D$34 -> 0 | K25: ='10'!$D$34 -> 0 | L25: ='11'!$D$34 -> 0 | M25: ='12'!$D$34 -> 0 | N25: ='13'!$D$34 -> 0 | O25: ='14'!$D$34 -> 0 | P25: ='15'!$D$34 -> 0 | Q25: ='16'!$D$34 -> 0
A26: ÖDENMEZ İKRAM TOPLAMI | B26: ='1'!$E$41 -> 0 | C26: ='2'!$E$41 -> 0 | D26: ='3'!$E$41 -> 0 | E26: ='4'!$E$41 -> 0 | F26: ='5'!$E$41 -> 0 | G26: ='6'!$E$41 -> 0 | H26: ='7'!$E$41 -> 0 | I26: ='8'!$E$41 -> 0 | J26: ='9'!$E$41 -> 0 | K26: ='10'!$E$41 -> 0 | L26: ='11'!$E$41 -> 0 | M26: ='12'!$E$41 -> 0 | N26: ='13'!$E$41 -> 0 | O26: ='14'!$E$41 -> 0 | P26: ='15'!$E$41 -> 0 | Q26: ='16'!$E$41 -> 0
A27: SANATÇI GİDERİ | B27: ='1'!$B71 -> 0 | C27: ='2'!$B71 -> 0 | D27: ='3'!$B71 -> 0 | E27: ='4'!$B71 -> 0 | F27: ='5'!$B71 -> 180000 | G27: ='6'!$B71 -> 0 | H27: ='7'!$B71 -> 0 | I27: ='8'!$B71 -> 0 | J27: ='9'!$B71 -> 0 | K27: ='10'!$B71 -> 0 | L27: ='11'!$B71 -> 0 | M27: ='12'!$B71 -> 0 | N27: ='13'!$B71 -> 0 | O27: ='14'!$B71 -> 0 | P27: ='15'!$B71 -> 0 | Q27: ='16'!$B71 -> 0
A28: TEKNİK EKİPMAN GİDERLERİ | B28: ='1'!$B72 -> 0 | C28: ='2'!$B72 -> 0 | D28: ='3'!$B72 -> 0 | E28: ='4'!$B72 -> 0 | F28: ='5'!$B72 -> 0 | G28: ='6'!$B72 -> 0 | H28: ='7'!$B72 -> 0 | I28: ='8'!$B72 -> 0 | J28: ='9'!$B72 -> 0 | K28: ='10'!$B72 -> 0 | L28: ='11'!$B72 -> 0 | M28: ='12'!$B72 -> 0 | N28: ='13'!$B72 -> 0 | O28: ='14'!$B72 -> 0 | P28: ='15'!$B72 -> 0 | Q28: ='16'!$B72 -> 0
A29: MATMAZEL COCO | B29: ='1'!$B73 -> 0 | C29: ='2'!$B73 -> 0 | D29: ='3'!$B73 -> 0 | E29: ='4'!$B73 -> 0 | F29: ='5'!$B73 -> 0 | G29: ='6'!$B73 -> 0 | H29: ='7'!$B73 -> 0 | I29: ='8'!$B73 -> 0 | J29: ='9'!$B73 -> 0 | K29: ='10'!$B73 -> 0 | L29: ='11'!$B73 -> 0 | M29: ='12'!$B73 -> 0 | N29: ='13'!$B73 -> 0 | O29: ='14'!$B73 -> 0 | P29: ='15'!$B73 -> 0 | Q29: ='16'!$B73 -> 0
A30: YEMEK GİDERİ | B30: ='1'!$B74 -> 0 | C30: ='2'!$B74 -> 0 | D30: ='3'!$B74 -> 0 | E30: ='4'!$B74 -> 0 | F30: ='5'!$B74 -> 47520 | G30: ='6'!$B74 -> 0 | H30: ='7'!$B74 -> 0 | I30: ='8'!$B74 -> 0 | J30: ='9'!$B74 -> 0 | K30: ='10'!$B74 -> 0 | L30: ='11'!$B74 -> 0 | M30: ='12'!$B74 -> 0 | N30: ='13'!$B74 -> 0 | O30: ='14'!$B74 -> 0 | P30: ='15'!$B74 -> 0 | Q30: ='16'!$B74 -> 0
A31: İÇECEK KDV Sİ | B31: ='1'!$B75 -> 0 | C31: ='2'!$B75 -> 0 | D31: ='3'!$B75 -> 0 | E31: ='4'!$B75 -> 0 | F31: ='5'!$B75 -> 4646.1847 | G31: ='6'!$B75 -> 0 | H31: ='7'!$B75 -> 0 | I31: ='8'!$B75 -> 0 | J31: ='9'!$B75 -> 0 | K31: ='10'!$B75 -> 0 | L31: ='11'!$B75 -> 0 | M31: ='12'!$B75 -> 0 | N31: ='13'!$B75 -> 0 | O31: ='14'!$B75 -> 0 | P31: ='15'!$B75 -> 0 | Q31: ='16'!$B75 -> 0
A32: %10 SERVİS ÜCRETİ ÖDENECEK TUTAR | B32: ='1'!$B76 -> 0 | C32: ='2'!$B76 -> 0 | D32: ='3'!$B76 -> 0 | E32: ='4'!$B76 -> 0 | F32: ='5'!$B76 -> 0 | G32: ='6'!$B76 -> 0 | H32: ='7'!$B76 -> 0 | I32: ='8'!$B76 -> 0 | J32: ='9'!$B76 -> 0 | K32: ='10'!$B76 -> 0 | L32: ='11'!$B76 -> 0 | M32: ='12'!$B76 -> 0 | N32: ='13'!$B76 -> 0 | O32: ='14'!$B76 -> 0 | P32: ='15'!$B76 -> 0 | Q32: ='16'!$B76 -> 0
A33: İÇECEK SATIŞ VE ÖDENMEZ MALİYETİ | B33: ='1'!$B77 -> 0 | C33: ='2'!$B77 -> 0 | D33: ='3'!$B77 -> 0 | E33: ='4'!$B77 -> 0 | F33: ='5'!$B77 -> 29631.28 | G33: ='6'!$B77 -> 0 | H33: ='7'!$B77 -> 0 | I33: ='8'!$B77 -> 0 | J33: ='9'!$B77 -> 0 | K33: ='10'!$B77 -> 0 | L33: ='11'!$B77 -> 0 | M33: ='12'!$B77 -> 0 | N33: ='13'!$B77 -> 0 | O33: ='14'!$B77 -> 0 | P33: ='15'!$B77 -> 0 | Q33: ='16'!$B77 -> 0
A34: GÜNLÜK KASADAN HARCAMALAR TOPLAMI | B34: ='1'!$B78 -> 0 | C34: ='2'!$B78 -> 0 | D34: ='3'!$B78 -> 0 | E34: ='4'!$B78 -> 0 | F34: ='5'!$B78 -> 25530 | G34: ='6'!$B78 -> 0 | H34: ='7'!$B78 -> 0 | I34: ='8'!$B78 -> 0 | J34: ='9'!$B78 -> 0 | K34: ='10'!$B78 -> 0 | L34: ='11'!$B78 -> 0 | M34: ='12'!$B78 -> 0 | N34: ='13'!$B78 -> 0 | O34: ='14'!$B78 -> 0 | P34: ='15'!$B78 -> 0 | Q34: ='16'!$B78 -> 0
A35: PERSONEL YEMEK GİDERİ | B35: ='1'!$B79 -> 0 | C35: ='2'!$B79 -> 0 | D35: ='3'!$B79 -> 0 | E35: ='4'!$B79 -> 0 | F35: ='5'!$B79 -> 9900 | G35: ='6'!$B79 -> 0 | H35: ='7'!$B79 -> 0 | I35: ='8'!$B79 -> 0 | J35: ='9'!$B79 -> 0 | K35: ='10'!$B79 -> 0 | L35: ='11'!$B79 -> 0 | M35: ='12'!$B79 -> 0 | N35: ='13'!$B79 -> 0 | O35: ='14'!$B79 -> 0 | P35: ='15'!$B79 -> 0 | Q35: ='16'!$B79 -> 0
A36: TOPLAM GİDERLER | B36: =SUM(B27:B35) -> 0 | C36: =SUM(C27:C35) -> 0 | D36: =SUM(D27:D35) -> 0 | E36: =SUM(E27:E35) -> 0 | F36: =SUM(F27:F35) -> 297227.46 | G36: =SUM(G27:G35) -> 0 | H36: =SUM(H27:H35) -> 0 | I36: =SUM(I27:I35) -> 0 | ... Q36: =SUM(Q27:Q35) -> 0
A37: KAR&ZARAR | B37: =B23-B36 -> 0 | C37: =C23-C36 -> 0 | D37: =D23-D36 -> 0 | E37: =E23-E36 -> 0 | F37: =F23-F36 -> -28962.465 | G37: =G23-G36 -> 0 | H37: =H23-H36 -> 0 | I37: =I23-I36 -> 0 | ... Q37: =Q23-Q36 -> 0
A39: AÇIKLAMA | B39: =Q2+1 -> 46190 | C39: =B39+1 -> 46191 | D39: =C39+1 -> 46192 | E39: =D39+1 -> 46193 | F39: =E39+1 -> 46194 | G39: =F39+1 -> 46195 | H39: =G39+1 -> 46196 | I39: =H39+1 -> 46197 | J39: =I39+1 -> 46198 | ... P39: =O39+1 -> 46204 | Q39: TOPLAM
A40: KUVER SAYISI TOPLAMI | B40: ='17'!$C$3 -> 0 | C40: ='18'!$C$3 -> 0 | D40: ='19'!$C$3 -> 0 | E40: ='20'!$C$3 -> 0 | F40: ='21'!$C$3 -> 0 | G40: ='22'!$C$3 -> 0 | H40: ='23'!$C$3 -> 0 | I40: ='24'!$C$3 -> 0 | J40: ='25'!$C$3 -> 0 | K40: ='26'!$C$3 -> 0 | L40: ='27'!$C$3 -> 0 | M40: ='28'!$C$3 -> 0 | N40: ='29'!$C$3 -> 0 | O40: ='30'!$C$3 -> 0 | P40: ='31'!$C$3 -> 0 | Q40: =SUM(B3:Q3)+SUM(B40:P40) -> 45
A41: TUZ BİBER BİLET | B41: ='17'!$C$4 -> 0 | C41: ='18'!$C$4 -> 0 | D41: ='19'!$C$4 -> 0 | E41: ='20'!$C$4 -> 0 | F41: ='21'!$C$4 -> 0 | G41: ='22'!$C$4 -> 0 | H41: ='23'!$C$4 -> 0 | I41: ='24'!$C$4 -> 0 | J41: ='25'!$C$4 -> 0 | K41: ='26'!$C$4 -> 0 | L41: ='27'!$C$4 -> 0 | M41: ='28'!$C$4 -> 0 | N41: ='29'!$C$4 -> 0 | O41: ='30'!$C$4 -> 0 | P41: ='31'!$C$4 -> 0 | Q41: =SUM(B4:Q4)+SUM(B41:P41) -> 0
A42: İTİCKET | B42: ='17'!$C$5 -> 0 | C42: ='18'!$C$5 -> 0 | D42: ='19'!$C$5 -> 0 | E42: ='20'!$C$5 -> 0 | F42: ='21'!$C$5 -> 0 | G42: ='22'!$C$5 -> 0 | H42: ='23'!$C$5 -> 0 | I42: ='24'!$C$5 -> 0 | J42: ='25'!$C$5 -> 0 | K42: ='26'!$C$5 -> 0 | L42: ='27'!$C$5 -> 0 | M42: ='28'!$C$5 -> 0 | N42: ='29'!$C$5 -> 0 | O42: ='30'!$C$5 -> 0 | P42: ='31'!$C$5 -> 0 | Q42: =SUM(B5:Q5)+SUM(B42:P42) -> 0
A43: PASSO BİLET | B43: ='17'!$C$6 -> 0 | C43: ='18'!$C$6 -> 0 | D43: ='19'!$C$6 -> 0 | E43: ='20'!$C$6 -> 0 | F43: ='21'!$C$6 -> 0 | G43: ='22'!$C$6 -> 0 | H43: ='23'!$C$6 -> 0 | I43: ='24'!$C$6 -> 0 | J43: ='25'!$C$6 -> 0 | K43: ='26'!$C$6 -> 0 | L43: ='27'!$C$6 -> 0 | M43: ='28'!$C$6 -> 0 | N43: ='29'!$C$6 -> 0 | O43: ='30'!$C$6 -> 0 | P43: ='31'!$C$6 -> 0 | Q43: =SUM(B6:Q6)+SUM(B43:P43) -> 0
A44: BİLETİNİ AL | B44: ='17'!$C$7 -> 0 | C44: ='18'!$C$7 -> 0 | D44: ='19'!$C$7 -> 0 | E44: ='20'!$C$7 -> 0 | F44: ='21'!$C$7 -> 0 | G44: ='22'!$C$7 -> 0 | H44: ='23'!$C$7 -> 0 | I44: ='24'!$C$7 -> 0 | J44: ='25'!$C$7 -> 0 | K44: ='26'!$C$7 -> 0 | L44: ='27'!$C$7 -> 0 | M44: ='28'!$C$7 -> 0 | N44: ='29'!$C$7 -> 0 | O44: ='30'!$C$7 -> 0 | P44: ='31'!$C$7 -> 0 | Q44: =SUM(B7:Q7)+SUM(B44:P44) -> 0
A45: BİLETİNO MÜŞTERİ SAYISI | B45: ='17'!$C$8 -> 0 | C45: ='18'!$C$8 -> 0 | D45: ='19'!$C$8 -> 0 | E45: ='20'!$C$8 -> 0 | F45: ='21'!$C$8 -> 0 | G45: ='22'!$C$8 -> 0 | H45: ='23'!$C$8 -> 0 | I45: ='24'!$C$8 -> 0 | J45: ='25'!$C$8 -> 0 | K45: ='26'!$C$8 -> 0 | L45: ='27'!$C$8 -> 0 | M45: ='28'!$C$8 -> 0 | N45: ='29'!$C$8 -> 0 | O45: ='30'!$C$8 -> 0 | P45: ='31'!$C$8 -> 0 | Q45: =SUM(B8:Q8)+SUM(B45:P45) -> 0
A46: BİLETİX MÜŞTERİ SAYISI | B46: ='17'!$C$9 -> 0 | C46: ='18'!$C$9 -> 0 | D46: ='19'!$C$9 -> 0 | E46: ='20'!$C$9 -> 0 | F46: ='21'!$C$9 -> 0 | G46: ='22'!$C$9 -> 0 | H46: ='23'!$C$9 -> 0 | I46: ='24'!$C$9 -> 0 | J46: ='25'!$C$9 -> 0 | K46: ='26'!$C$9 -> 0 | L46: ='27'!$C$9 -> 0 | M46: ='28'!$C$9 -> 0 | N46: ='29'!$C$9 -> 0 | O46: ='30'!$C$9 -> 0 | P46: ='31'!$C$9 -> 0 | Q46: =SUM(B9:Q9)+SUM(B46:P46) -> 2
A47: =A10 -> BU BİLET MÜŞTERİ SAYISI | B47: ='17'!$C$10 -> 0 | C47: ='18'!$C$10 -> 0 | D47: ='19'!$C$10 -> 0 | E47: ='20'!$C$10 -> 0 | F47: ='21'!$C$10 -> 0 | G47: ='22'!$C$10 -> 0 | H47: ='23'!$C$10 -> 0 | I47: ='24'!$C$10 -> 0 | J47: ='25'!$C$10 -> 0 | K47: ='26'!$C$10 -> 0 | L47: ='27'!$C$10 -> 0 | M47: ='28'!$C$10 -> 0 | N47: ='29'!$C$10 -> 0 | O47: ='30'!$C$10 -> 0 | P47: ='31'!$C$10 -> 0 | Q47: =SUM(B10:Q10)+SUM(B47:P47) -> 0
A48: CARİ HESAP | B48: ='17'!$C$11 -> 0 | C48: ='18'!$C$11 -> 0 | D48: ='19'!$C$11 -> 0 | E48: ='20'!$C$11 -> 0 | F48: ='21'!$C$11 -> 0 | G48: ='22'!$C$11 -> 0 | H48: ='23'!$C$11 -> 0 | I48: ='24'!$C$11 -> 0 | J48: ='25'!$C$11 -> 0 | K48: ='26'!$C$11 -> 0 | L48: ='27'!$C$11 -> 0 | M48: ='28'!$C$11 -> 0 | N48: ='29'!$C$11 -> 0 | O48: ='30'!$C$11 -> 0 | P48: ='31'!$C$11 -> 0 | Q48: =SUM(B11:Q11)+SUM(B48:P48) -> 5
A49: SALON SATIŞ KİŞİ SAYISI | B49: ='17'!$C$12 -> 0 | C49: ='18'!$C$12 -> 0 | D49: ='19'!$C$12 -> 0 | E49: ='20'!$C$12 -> 0 | F49: ='21'!$C$12 -> 0 | G49: ='22'!$C$12 -> 0 | H49: ='23'!$C$12 -> 0 | I49: ='24'!$C$12 -> 0 | J49: ='25'!$C$12 -> 0 | K49: ='26'!$C$12 -> 0 | L49: ='27'!$C$12 -> 0 | M49: ='28'!$C$12 -> 0 | N49: ='29'!$C$12 -> 0 | O49: ='30'!$C$12 -> 0 | P49: ='31'!$C$12 -> 0 | Q49: =SUM(B12:Q12)+SUM(B49:P49) -> 38
A50: SALON NAKİT SATIŞ TUTARI | B50: ='17'!$D$13+'17'!$D$15 -> 0 | C50: ='18'!$D$13+'18'!$D$15 -> 0 | D50: ='19'!$D$13+'19'!$D$15 -> 0 | E50: ='20'!$D$13+'20'!$D$15 -> 0 | F50: ='21'!$D$13+'21'!$D$15 -> 0 | G50: ='22'!$D$13+'22'!$D$15 -> 0 | H50: ='23'!$D$13+'23'!$D$15 -> 0 | I50: ='24'!$D$13+'24'!$D$15 -> 0 | J50: ='25'!$D$13+'25'!$D$15 -> 0 | K50: ='26'!$D$13+'26'!$D$15 -> 0 | L50: ='27'!$D$13+'27'!$D$15 -> 0 | M50: ='28'!$D$13+'28'!$D$15 -> 0 | N50: ='29'!$D$13+'29'!$D$15 -> 0 | O50: ='30'!$D$13+'30'!$D$15 -> 0 | P50: ='31'!$D$13+'31'!$D$15 -> 0 | Q50: =SUM(B13:Q13)+SUM(B50:P50) -> 0
A51: SALON KREDİ KARTISATIŞ TUTARI | B51: ='17'!$D$14+'17'!$D$16 -> 0 | C51: ='18'!$D$14+'18'!$D$16 -> 0 | D51: ='19'!$D$14+'19'!$D$16 -> 0 | E51: ='20'!$D$14+'20'!$D$16 -> 0 | F51: ='21'!$D$14+'21'!$D$16 -> 0 | G51: ='22'!$D$14+'22'!$D$16 -> 0 | H51: ='23'!$D$14+'23'!$D$16 -> 0 | I51: ='24'!$D$14+'24'!$D$16 -> 0 | J51: ='25'!$D$14+'25'!$D$16 -> 0 | K51: ='26'!$D$14+'26'!$D$16 -> 0 | L51: ='27'!$D$14+'27'!$D$16 -> 0 | M51: ='28'!$D$14+'28'!$D$16 -> 0 | N51: ='29'!$D$14+'29'!$D$16 -> 0 | O51: ='30'!$D$14+'30'!$D$16 -> 0 | P51: ='31'!$D$14+'31'!$D$16 -> 0 | Q51: =SUM(B14:Q14)+SUM(B51:P51) -> 226065
A52: TUZ BİBER BİLET GELİRİ | B52: ='17'!$D$4 -> 0 | C52: ='18'!$D$4 -> 0 | D52: ='19'!$D$4 -> 0 | E52: ='20'!$D$4 -> 0 | F52: ='21'!$D$4 -> 0 | G52: ='22'!$D$4 -> 0 | H52: ='23'!$D$4 -> 0 | I52: ='24'!$D$4 -> 0 | J52: ='25'!$D$4 -> 0 | K52: ='26'!$D$4 -> 0 | L52: ='27'!$D$4 -> 0 | M52: ='28'!$D$4 -> 0 | N52: ='29'!$D$4 -> 0 | O52: ='30'!$D$4 -> 0 | P52: ='31'!$D$4 -> 0 | Q52: =SUM(B15:Q15)+SUM(B52:P52) -> 0
A53: NOBİLET GELİRİ | B53: ='17'!$D$5 -> 0 | C53: ='18'!$D$5 -> 0 | D53: ='19'!$D$5 -> 0 | E53: ='20'!$D$5 -> 0 | F53: ='21'!$D$5 -> 0 | G53: ='22'!$D$5 -> 0 | H53: ='23'!$D$5 -> 0 | I53: ='24'!$D$5 -> 0 | J53: ='25'!$D$5 -> 0 | K53: ='26'!$D$5 -> 0 | L53: ='27'!$D$5 -> 0 | M53: ='28'!$D$5 -> 0 | N53: ='29'!$D$5 -> 0 | O53: ='30'!$D$5 -> 0 | P53: ='31'!$D$5 -> 0
A54: BİLETİNİ AL GELİRİ | B54: ='17'!$D$7 -> 0 | C54: ='18'!$D$7 -> 0 | D54: ='19'!$D$7 -> 0 | E54: ='20'!$D$7 -> 0 | F54: ='21'!$D$7 -> 0 | G54: ='22'!$D$7 -> 0 | H54: ='23'!$D$7 -> 0 | I54: ='24'!$D$7 -> 0 | J54: ='25'!$D$7 -> 0 | K54: ='26'!$D$7 -> 0 | L54: ='27'!$D$7 -> 0 | M54: ='28'!$D$7 -> 0 | N54: ='29'!$D$7 -> 0 | O54: ='30'!$D$7 -> 0 | P54: ='31'!$D$7 -> 0 | Q54: =SUM(B17:Q17)+SUM(B54:P54) -> 0
A55: PASSO BİLET GELİRİ | B55: ='17'!$D$6 -> 0 | C55: ='18'!$D$6 -> 0 | D55: ='19'!$D$6 -> 0 | E55: ='20'!$D$6 -> 0 | F55: ='21'!$D$6 -> 0 | G55: ='22'!$D$6 -> 0 | H55: ='23'!$D$6 -> 0 | I55: ='24'!$D$6 -> 0 | J55: ='25'!$D$6 -> 0 | K55: ='26'!$D$6 -> 0 | L55: ='27'!$D$6 -> 0 | M55: ='28'!$D$6 -> 0 | N55: ='29'!$D$6 -> 0 | O55: ='30'!$D$6 -> 0 | P55: ='31'!$D$6 -> 0 | Q55: =SUM(B18:Q18)+SUM(B55:P55) -> 0
A56: BİLETİNO MÜŞTERİ SAYISI GELİRİ | B56: ='17'!$D$8 -> 0 | C56: ='18'!$D$8 -> 0 | D56: ='19'!$D$8 -> 0 | E56: ='20'!$D$8 -> 0 | F56: ='21'!$D$8 -> 0 | G56: ='22'!$D$8 -> 0 | H56: ='23'!$D$8 -> 0 | I56: ='24'!$D$8 -> 0 | J56: ='25'!$D$8 -> 0 | K56: ='26'!$D$8 -> 0 | L56: ='27'!$D$8 -> 0 | M56: ='28'!$D$8 -> 0 | N56: ='29'!$D$8 -> 0 | O56: ='30'!$D$8 -> 0 | P56: ='31'!$D$8 -> 0 | Q56: =SUM(B19:Q19)+SUM(B56:P56) -> 0
A57: BİLETİX GELİRİ | B57: ='17'!$D$9 -> 0 | C57: ='18'!$D$9 -> 0 | D57: ='19'!$D$9 -> 0 | E57: ='20'!$D$9 -> 0 | F57: ='21'!$D$9 -> 0 | G57: ='22'!$D$9 -> 0 | H57: ='23'!$D$9 -> 0 | I57: ='24'!$D$9 -> 0 | J57: ='25'!$D$9 -> 0 | K57: ='26'!$D$9 -> 0 | L57: ='27'!$D$9 -> 0 | M57: ='28'!$D$9 -> 0 | N57: ='29'!$D$9 -> 0 | O57: ='30'!$D$9 -> 0 | P57: ='31'!$D$9 -> 0 | Q57: =SUM(B20:Q20)+SUM(B57:P57) -> 13000
A58: =A21 -> BU BİLET | B58: ='17'!$D$10 -> 0 | C58: ='18'!$D$10 -> 0 | D58: ='19'!$D$10 -> 0 | E58: ='20'!$D$10 -> 0 | F58: ='21'!$D$10 -> 0 | G58: ='22'!$D$10 -> 0 | H58: ='23'!$D$10 -> 0 | I58: ='24'!$D$10 -> 0 | J58: ='25'!$D$10 -> 0 | K58: ='26'!$D$10 -> 0 | L58: ='27'!$D$10 -> 0 | M58: ='28'!$D$10 -> 0 | N58: ='29'!$D$10 -> 0 | O58: ='30'!$D$10 -> 0 | P58: ='31'!$D$10 -> 0 | Q58: =SUM(B21:Q21)+SUM(B58:P58) -> 0
A59: CARİ HESAPLAR TOPLAMI | B59: ='17'!$D$11 -> 0 | C59: ='18'!$D$11 -> 0 | D59: ='19'!$D$11 -> 0 | E59: ='20'!$D$11 -> 0 | F59: ='21'!$D$11 -> 0 | G59: ='22'!$D$11 -> 0 | H59: ='23'!$D$11 -> 0 | I59: ='24'!$D$11 -> 0 | J59: ='25'!$D$11 -> 0 | K59: ='26'!$D$11 -> 0 | L59: ='27'!$D$11 -> 0 | M59: ='28'!$D$11 -> 0 | N59: ='29'!$D$11 -> 0 | O59: ='30'!$D$11 -> 0 | P59: ='31'!$D$11 -> 0 | Q59: =SUM(B22:Q22)+SUM(B59:P59) -> 29200
A60: GÜNLÜK TOPLAM GELİR | B60: =SUM(B50:B59) -> 0 | C60: =SUM(C50:C59) -> 0 | D60: =SUM(D50:D59) -> 0 | E60: =SUM(E50:E59) -> 0 | F60: =SUM(F50:F59) -> 0 | G60: =SUM(G50:G59) -> 0 | H60: =SUM(H50:H59) -> 0 | I60: =SUM(I50:I59) -> 0 | ... P60: =SUM(P50:P59) -> 0 | Q60: =SUM(B23:Q23)+SUM(B60:P60) -> 268265 | R60: HEDEF CİRO | T60: 9250000 | U60: ='1'!E2+'2'!E2+'3'!E2+'4'!E2+'5'!E2+'6'!E2+'7'!E2+'8'!E2+'9'!E2+'10'!E2+'11'!E2+'12'!E2+'13'!E2+'14'!E2+'15'!E2+'16'!E2+'17'!E2+'18'!E2+'19'!E2+'20'!E2+'21'!E2+'22'!E2+'23'!E2+'24'!E2+'25'!E2+'26'!E2+'27'!E2+'28'!E2+'29'!E2+'30'!E2+'31'!E2 -> 268265 | V60: =Q60=U60 -> TRUE
A61: =A24 -> GÜNLÜK KASADAN HARCAMALAR TOPLAMI | B61: ='17'!$D$19 -> 0 | C61: ='18'!$D$19 -> 0 | D61: ='19'!$D$19 -> 0 | E61: ='20'!$D$19 -> 0 | F61: ='21'!$D$19 -> 0 | G61: ='22'!$D$19 -> 0 | H61: ='23'!$D$19 -> 0 | I61: ='24'!$D$19 -> 0 | J61: ='25'!$D$19 -> 0 | K61: ='26'!$D$19 -> 0 | L61: ='27'!$D$19 -> 0 | M61: ='28'!$D$19 -> 0 | N61: ='29'!$D$19 -> 0 | O61: ='30'!$D$19 -> 0 | P61: ='31'!$D$19 -> 0 | Q61: =SUM(B24:Q24)+SUM(B61:P61) -> 39930 | T61: =Q60/1*31 -> 8316215
A62: =A25 -> YÖNETİME TESLİM EDİLMESİ GEREKEN NAKİT TUTAR | B62: ='17'!$D$34 -> 0 | C62: ='18'!$D$34 -> 0 | D62: ='19'!$D$34 -> 0 | E62: ='20'!$D$34 -> 0 | F62: ='21'!$D$34 -> 0 | G62: ='22'!$D$34 -> 0 | H62: ='23'!$D$34 -> 0 | I62: ='24'!$D$34 -> 0 | J62: ='25'!$D$34 -> 0 | K62: ='26'!$D$34 -> 0 | L62: ='27'!$D$34 -> 0 | M62: ='28'!$D$34 -> 0 | N62: ='29'!$D$34 -> 0 | O62: ='30'!$D$34 -> 0 | P62: ='31'!$D$34 -> 0 | Q62: =SUM(B25:Q25)+SUM(B62:P62) -> -39930 | R62: ='1'!D34+'2'!D34+'3'!D34+'4'!D34+'5'!D34+'6'!D34+'7'!D34+'8'!D34+'9'!D34+'10'!D34+'11'!D34+'12'!D34+'13'!D34+'14'!D34+'15'!D34+'16'!D34+'17'!D34+'18'!D34+'19'!D34+'20'!D34+'21'!D34+'22'!D34+'23'!D34+'24'!D34+'25'!D34+'26'!D34+'27'!D34+'28'!D34+'29'!D34+'30'!D34+'31'!D34 -> -39930 | S62: =Q62=R62 -> TRUE
A63: =A26 -> ÖDENMEZ İKRAM TOPLAMI | B63: ='17'!$E$41 -> 0 | C63: ='18'!$E$41 -> 0 | D63: ='19'!$E$41 -> 0 | E63: ='20'!$E$41 -> 0 | F63: ='21'!$E$41 -> 0 | G63: ='22'!$E$41 -> 0 | H63: ='23'!$E$41 -> 0 | I63: ='24'!$E$41 -> 0 | J63: ='25'!$E$41 -> 0 | K63: ='26'!$E$41 -> 0 | L63: ='27'!$E$41 -> 0 | M63: ='28'!$E$41 -> 0 | N63: ='29'!$E$41 -> 0 | O63: ='30'!$E$41 -> 0 | P63: ='31'!$E$41 -> 0 | Q63: =SUM(B26:Q26)+SUM(B63:P63) -> 0
A64: SANATÇI GİDERİ | B64: ='17'!$B71 -> 0 | C64: ='18'!$B71 -> 0 | D64: ='19'!$B71 -> 0 | E64: ='20'!$B71 -> 0 | F64: ='21'!$B71 -> 0 | G64: ='22'!$B71 -> 0 | H64: ='23'!$B71 -> 0 | I64: ='24'!$B71 -> 0 | J64: ='25'!$B71 -> 0 | K64: ='26'!$B71 -> 0 | L64: ='27'!$B71 -> 0 | M64: ='28'!$B71 -> 0 | N64: ='29'!$B71 -> 0 | O64: ='30'!$B71 -> 0 | P64: ='31'!$B71 -> 0 | Q64: =SUM(B27:Q27)+SUM(B64:P64) -> 180000 | R64: =Q64/$Q$60 -> 0.67097832 | T64: =$T$60*R64 -> 6206549.5
A65: TEKNİK EKİPMAN GİDERLERİ | B65: ='17'!$B72 -> 0 | C65: ='18'!$B72 -> 0 | D65: ='19'!$B72 -> 0 | E65: ='20'!$B72 -> 0 | F65: ='21'!$B72 -> 0 | G65: ='22'!$B72 -> 0 | H65: ='23'!$B72 -> 0 | I65: ='24'!$B72 -> 0 | J65: ='25'!$B72 -> 0 | K65: ='26'!$B72 -> 0 | L65: ='27'!$B72 -> 0 | M65: ='28'!$B72 -> 0 | N65: ='29'!$B72 -> 0 | O65: ='30'!$B72 -> 0 | P65: ='31'!$B72 -> 0 | Q65: =SUM(B28:Q28)+SUM(B65:P65) -> 0 | R65: =Q65/$Q$60 -> 0
A66: MATMAZEL COCO | B66: ='17'!$B73 -> 0 | C66: ='18'!$B73 -> 0 | D66: ='19'!$B73 -> 0 | E66: ='20'!$B73 -> 0 | F66: ='21'!$B73 -> 0 | G66: ='22'!$B73 -> 0 | H66: ='23'!$B73 -> 0 | I66: ='24'!$B73 -> 0 | J66: ='25'!$B73 -> 0 | K66: ='26'!$B73 -> 0 | L66: ='27'!$B73 -> 0 | M66: ='28'!$B73 -> 0 | N66: ='29'!$B73 -> 0 | O66: ='30'!$B73 -> 0 | P66: ='31'!$B73 -> 0 | Q66: =SUM(B29:Q29)+SUM(B66:P66) -> 0 | R66: =Q66/$Q$60 -> 0
A67: =A30 -> YEMEK GİDERİ | B67: ='17'!$B74 -> 0 | C67: ='18'!$B74 -> 0 | D67: ='19'!$B74 -> 0 | E67: ='20'!$B74 -> 0 | F67: ='21'!$B74 -> 0 | G67: ='22'!$B74 -> 0 | H67: ='23'!$B74 -> 0 | I67: ='24'!$B74 -> 0 | J67: ='25'!$B74 -> 0 | K67: ='26'!$B74 -> 0 | L67: ='27'!$B74 -> 0 | M67: ='28'!$B74 -> 0 | N67: ='29'!$B74 -> 0 | O67: ='30'!$B74 -> 0 | P67: ='31'!$B74 -> 0 | Q67: =SUM(B30:Q30)+SUM(B67:P67) -> 47520 | R67: =Q67/$Q$60 -> 0.17713828 | T67: =$T$60*R67 -> 1638529.1
A68: =A31 -> İÇECEK KDV Sİ | B68: ='17'!$B75 -> 0 | C68: ='18'!$B75 -> 0 | D68: ='19'!$B75 -> 0 | E68: ='20'!$B75 -> 0 | F68: ='21'!$B75 -> 0 | G68: ='22'!$B75 -> 0 | H68: ='23'!$B75 -> 0 | I68: ='24'!$B75 -> 0 | J68: ='25'!$B75 -> 0 | K68: ='26'!$B75 -> 0 | L68: ='27'!$B75 -> 0 | M68: ='28'!$B75 -> 0 | N68: ='29'!$B75 -> 0 | O68: ='30'!$B75 -> 0 | P68: ='31'!$B75 -> 0 | Q68: =SUM(B31:Q31)+SUM(B68:P68) -> 4646.1847 | R68: =Q68/$Q$60 -> 0.017319385 | T68: =$T$60*R68 -> 160204.31
A69: =A32 -> %10 SERVİS ÜCRETİ ÖDENECEK TUTAR | B69: ='17'!$B76 -> 0 | C69: ='18'!$B76 -> 0 | D69: ='19'!$B76 -> 0 | E69: ='20'!$B76 -> 0 | F69: ='21'!$B76 -> 0 | G69: ='22'!$B76 -> 0 | H69: ='23'!$B76 -> 0 | I69: ='24'!$B76 -> 0 | J69: ='25'!$B76 -> 0 | K69: ='26'!$B76 -> 0 | L69: ='27'!$B76 -> 0 | M69: ='28'!$B76 -> 0 | N69: ='29'!$B76 -> 0 | O69: ='30'!$B76 -> 0 | P69: ='31'!$B76 -> 0 | Q69: =SUM(B32:Q32)+SUM(B69:P69) -> 0 | R69: =Q69/$Q$60 -> 0 | T69: =$T$60*R69 -> 0 | U69: ='1'!I84+'2'!I84+'3'!I84+'4'!I84+'5'!I84+'6'!I84+'7'!I84+'8'!I84+'9'!I84+'10'!I84+'11'!I84+'12'!I84+'13'!I84+'14'!I84+'15'!I84+'16'!I84+'17'!I84+'18'!I84+'19'!I84+'20'!I84+'21'!I84+'22'!I84+'23'!I84+'24'!I84+'25'!I84+'26'!I84+'27'!I84+'28'!I84+'29'!I84+'30'!I84+'31'!I84 -> 0 | V69: =U69-Q69 -> 0 | W69: =V69/U69 -> #DIV/0!
A70: =A33 -> İÇECEK SATIŞ VE ÖDENMEZ MALİYETİ | B70: ='17'!$B77 -> 0 | C70: ='18'!$B77 -> 0 | D70: ='19'!$B77 -> 0 | E70: ='20'!$B77 -> 0 | F70: ='21'!$B77 -> 0 | G70: ='22'!$B77 -> 0 | H70: ='23'!$B77 -> 0 | I70: ='24'!$B77 -> 0 | J70: ='25'!$B77 -> 0 | K70: ='26'!$B77 -> 0 | L70: ='27'!$B77 -> 0 | M70: ='28'!$B77 -> 0 | N70: ='29'!$B77 -> 0 | O70: ='30'!$B77 -> 0 | P70: ='31'!$B77 -> 0 | Q70: =SUM(B33:Q33)+SUM(B70:P70) -> 29631.28 | R70: =Q70/$Q$60 -> 0.11045526 | T70: =$T$60*R70 -> 1021711.1 | V70: =19995.97+816.3 -> 20812.27
A71: =A34 -> GÜNLÜK KASADAN HARCAMALAR TOPLAMI | B71: ='17'!$B78 -> 0 | C71: ='18'!$B78 -> 0 | D71: ='19'!$B78 -> 0 | E71: ='20'!$B78 -> 0 | F71: ='21'!$B78 -> 0 | G71: ='22'!$B78 -> 0 | H71: ='23'!$B78 -> 0 | I71: ='24'!$B78 -> 0 | J71: ='25'!$B78 -> 0 | K71: ='26'!$B78 -> 0 | L71: ='27'!$B78 -> 0 | M71: ='28'!$B78 -> 0 | N71: ='29'!$B78 -> 0 | O71: ='30'!$B78 -> 0 | P71: ='31'!$B78 -> 0 | Q71: =SUM(B34:Q34)+SUM(B71:P71) -> 25530 | R71: =Q71/$Q$60 -> 0.095167092 | T71: =$T$60*R71 -> 880295.6 | V71: =19995.97+816.3 -> 20812.27
A72: =A35 -> PERSONEL YEMEK GİDERİ | B72: ='17'!$B79 -> 0 | C72: ='18'!$B79 -> 0 | D72: ='19'!$B79 -> 0 | E72: ='20'!$B79 -> 0 | F72: ='21'!$B79 -> 0 | G72: ='22'!$B79 -> 0 | H72: ='23'!$B79 -> 0 | I72: ='24'!$B79 -> 0 | J72: ='25'!$B79 -> 0 | K72: ='26'!$B79 -> 0 | L72: ='27'!$B79 -> 0 | M72: ='28'!$B79 -> 0 | N72: ='29'!$B79 -> 0 | O72: ='30'!$B79 -> 0 | P72: ='31'!$B79 -> 0 | Q72: =SUM(B35:Q35)+SUM(B72:P72) -> 9900 | R72: =Q72/$Q$60 -> 0.036903808 | T72: =$T$60*R72 -> 341360.22 | V72: =19995.97+816.3 -> 20812.27
A73: TOPLAM GİDERLER | B73: =SUM(B64:B72) -> 0 | C73: =SUM(C64:C72) -> 0 | D73: =SUM(D64:D72) -> 0 | E73: =SUM(E64:E72) -> 0 | F73: =SUM(F64:F72) -> 0 | G73: =SUM(G64:G72) -> 0 | H73: =SUM(H64:H72) -> 0 | I73: =SUM(I64:I72) -> 0 | ... Q73: =SUM(Q64:Q72) -> 297227.46 | R73: =Q73/$Q$60 -> 1.1079621 | S73: =Q73/Q60 -> 1.1079621 | T73: 2
A74: KAR&ZARAR | B74: =B60-B73 -> 0 | C74: =C60-C73 -> 0 | D74: =D60-D73 -> 0 | E74: =E60-E73 -> 0 | F74: =F60-F73 -> 0 | G74: =G60-G73 -> 0 | H74: =H60-H73 -> 0 | I74: =I60-I73 -> 0 | ... P74: =P60-P73 -> 0 | Q74: =SUM(B37:Q37)+SUM(B74:P74) -> -28962.465 | R74: =Q74/$Q$60 -> -0.10796214 | T74: 3088.89
N75: % 10 SERVİS ÜCRETİ TOPLAMI | Q75: ='1'!I84+'2'!I84+'3'!I84+'4'!I84+'5'!I84+'6'!I84+'7'!I84+'8'!I84+'9'!I84+'10'!I84+'11'!I84+'12'!I84+'13'!I84+'14'!I84+'15'!I84+'16'!I84+'17'!I84+'18'!I84+'19'!I84+'20'!I84+'21'!I84+'22'!I84+'23'!I84+'24'!I84+'25'!I84+'26'!I84+'27'!I84+'28'!I84+'29'!I84+'30'!I84+'31'!I84 -> 0 | T75: 44623.35
T76: =SUM(T74:T75) -> 47712.24
T77: =T76-Q70 -> 18080.96
C78: =C73+C61 -> 0
Q79: =Q75*0.6 -> 0
P80: KİŞİ BAŞI GELİR | Q80: =Q60/Q40 -> 5961.4444
P81: KİŞİ BAŞI GİDER | Q81: =Q73/Q40 -> 6605.0548
P88: İçecek Maliyeti Kişi başı | Q88: =(Q70+Q68)/Q40 -> 761.72144
P89: Sanatçı Maliyeti Kişi başı | Q89: =(Q64+Q65+Q66)/Q40 -> 4000
Q92: 493918.23
Q93: =Q92-Q70 -> 464286.95

Sheet KASA NAKİT ÇIKIŞLARI
A1: HAZİRAN 2026 KASA NAKİT ÇIKIŞLARI
A2: TARİH | B2: AÇIKLAMA | C2: TUTAR | E2: =D4+D5+D6+D7+D8+D9+D10+D11 -> 0
A3: ='1'!$A$1 -> 46174 | B3: ='1'!$B$21 -> 0 | C3: ='1'!$D$21 -> 0
A4: ='1'!$A$1 -> 46174 | B4: ='1'!$B$22 -> 0 | C4: ='1'!$D$22 -> 0
A5: ='1'!$A$1 -> 46174 | B5: ='1'!$B$23 -> 0 | C5: ='1'!$D$23 -> 0
A6: ='1'!$A$1 -> 46174 | B6: ='1'!$B$24 -> 0 | C6: ='1'!$D$24 -> 0
A7: ='1'!$A$1 -> 46174 | B7: ='1'!$B$25 -> 0 | C7: ='1'!$D$25 -> 0
A8: ='1'!$A$1 -> 46174 | B8: ='1'!$B$26 -> 0 | C8: ='1'!$D$26 -> 0
A9: ='1'!$A$1 -> 46174 | B9: ='1'!$B$27 -> 0 | C9: ='1'!$D$27 -> 0
A10: ='1'!$A$1 -> 46174 | B10: ='1'!$B$28 -> 0 | C10: ='1'!$D$28 -> 0
A11: ='1'!$A$1 -> 46174 | B11: ='1'!$B$29 -> 0 | C11: ='1'!$D$29 -> 0
A12: ='1'!$A$1 -> 46174 | B12: ='1'!$B$30 -> 0 | C12: ='1'!$D$30 -> 0
A13: ='1'!$A$1 -> 46174 | B13: ='1'!$B$31 -> 0 | C13: ='1'!$D$31 -> 0
A14: ='1'!$A$1 -> 46174 | B14: ='1'!$B$32 -> 0 | C14: ='1'!$D$32 -> 0
A15: ='1'!$A$1 -> 46174 | B15: ='1'!$B$33 -> 0 | C15: ='1'!$D$33 -> 0
A16: ='2'!$A$1 -> 46175 | B16: ='2'!$B$21 -> 0 | C16: ='2'!$D$21 -> 0
A17: ='2'!$A$1 -> 46175 | B17: ='2'!$B$22 -> 0 | C17: ='2'!$D$22 -> 0
A18: ='2'!$A$1 -> 46175 | B18: ='2'!$B$23 -> 0 | C18: ='2'!$D$23 -> 0
A19: ='2'!$A$1 -> 46175 | B19: ='2'!$B$24 -> 0 | C19: ='2'!$D$24 -> 0
A20: ='2'!$A$1 -> 46175 | B20: ='2'!$B$25 -> 0 | C20: ='2'!$D$25 -> 0
A21: ='2'!$A$1 -> 46175 | B21: ='2'!$B$26 -> 0 | C21: ='2'!$D$26 -> 0
A22: ='2'!$A$1 -> 46175 | B22: ='2'!$B$27 -> 0 | C22: ='2'!$D$27 -> 0
A23: ='2'!$A$1 -> 46175 | B23: ='2'!$B$28 -> 0 | C23: ='2'!$D$28 -> 0
A24: ='2'!$A$1 -> 46175 | B24: ='2'!$B$29 -> 0 | C24: ='2'!$D$29 -> 0
A25: ='2'!$A$1 -> 46175 | B25: ='2'!$B$30 -> 0 | C25: ='2'!$D$30 -> 0
A26: ='2'!$A$1 -> 46175 | B26: ='2'!$B$31 -> 0 | C26: ='2'!$D$31 -> 0
A27: ='2'!$A$1 -> 46175 | B27: ='2'!$B$32 -> 0 | C27: ='2'!$D$32 -> 0
A28: ='2'!$A$1 -> 46175 | B28: ='2'!$B$33 -> 0 | C28: ='2'!$D$33 -> 0
A29: ='3'!$A$1 -> 46176 | B29: ='3'!$B$21 -> 0 | C29: ='3'!$D$21 -> 0
A30: ='3'!$A$1 -> 46176 | B30: ='3'!$B$22 -> 0 | C30: ='3'!$D$22 -> 0
A31: ='3'!$A$1 -> 46176 | B31: ='3'!$B$23 -> 0 | C31: ='3'!$D$23 -> 0
A32: ='3'!$A$1 -> 46176 | B32: ='3'!$B$24 -> 0 | C32: ='3'!$D$24 -> 0
A33: ='3'!$A$1 -> 46176 | B33: ='3'!$B$25 -> 0 | C33: ='3'!$D$25 -> 0
A34: ='3'!$A$1 -> 46176 | B34: ='3'!$B$26 -> 0 | C34: ='3'!$D$26 -> 0
A35: ='3'!$A$1 -> 46176 | B35: ='3'!$B$27 -> 0 | C35: ='3'!$D$27 -> 0
A36: ='3'!$A$1 -> 46176 | B36: ='3'!$B$28 -> 0 | C36: ='3'!$D$28 -> 0
A37: ='3'!$A$1 -> 46176 | B37: ='3'!$B$29 -> 0 | C37: ='3'!$D$29 -> 0
A38: ='3'!$A$1 -> 46176 | B38: ='3'!$B$30 -> 0 | C38: ='3'!$D$30 -> 0
A39: ='3'!$A$1 -> 46176 | B39: ='3'!$B$31 -> 0 | C39: ='3'!$D$31 -> 0
A40: ='3'!$A$1 -> 46176 | B40: ='3'!$B$32 -> 0 | C40: ='3'!$D$32 -> 0
A41: ='3'!$A$1 -> 46176 | B41: ='3'!$B$33 -> 0 | C41: ='3'!$D$33 -> 0
A42: ='4'!$A$1 -> 46177 | B42: ='4'!$B$21 -> 0 | C42: ='4'!$D$21 -> 0
A43: ='4'!$A$1 -> 46177 | B43: ='4'!$B$22 -> 0 | C43: ='4'!$D$22 -> 0
A44: ='4'!$A$1 -> 46177 | B44: ='4'!$B$23 -> 0 | C44: ='4'!$D$23 -> 0
A45: ='4'!$A$1 -> 46177 | B45: ='4'!$B$24 -> 0 | C45: ='4'!$D$24 -> 0
A46: ='4'!$A$1 -> 46177 | B46: ='4'!$B$25 -> 0 | C46: ='4'!$D$25 -> 0
A47: ='4'!$A$1 -> 46177 | B47: ='4'!$B$26 -> 0 | C47: ='4'!$D$26 -> 0
A48: ='4'!$A$1 -> 46177 | B48: ='4'!$B$27 -> 0 | C48: ='4'!$D$27 -> 0
A49: ='4'!$A$1 -> 46177 | B49: ='4'!$B$28 -> 0 | C49: ='4'!$D$28 -> 0
A50: ='4'!$A$1 -> 46177 | B50: ='4'!$B$29 -> 0 | C50: ='4'!$D$29 -> 0
A51: ='4'!$A$1 -> 46177 | B51: ='4'!$B$30 -> 0 | C51: ='4'!$D$30 -> 0
A52: ='4'!$A$1 -> 46177 | B52: ='4'!$B$31 -> 0 | C52: ='4'!$D$31 -> 0
A53: ='4'!$A$1 -> 46177 | B53: ='4'!$B$32 -> 0 | C53: ='4'!$D$32 -> 0
A54: ='4'!$A$1 -> 46177 | B54: ='4'!$B$33 -> 0 | C54: ='4'!$D$33 -> 0
A55: ='5'!$A$1 -> 46178 | B55: ='5'!$B$21 -> PERSONEL YOL | C55: ='5'!$D$21 -> 12250
A56: ='5'!$A$1 -> 46178 | B56: ='5'!$B$22 -> EXTRA PERSONEL 3 KISI | C56: ='5'!$D$22 -> 6500
A57: ='5'!$A$1 -> 46178 | B57: ='5'!$B$23 -> HAYATI AKSU | C57: ='5'!$D$23 -> 2000
A58: ='5'!$A$1 -> 46178 | B58: ='5'!$B$24 -> MASA ORTUSU YIKAMA 32 ADET | C58: ='5'!$D$24 -> 960
A59: ='5'!$A$1 -> 46178 | B59: ='5'!$B$25 -> 10 ADET LED AMPUL | C59: ='5'!$D$25 -> 1010
A60: ='5'!$A$1 -> 46178 | B60: ='5'!$B$26 -> KABARET TEMIZLIGI | C60: ='5'!$D$26 -> 1000
A61: ='5'!$A$1 -> 46178 | B61: ='5'!$B$27 -> ELEKTRIKCIYE SAHNE ISTIRIDYELERI ICIN ÖDEME | C61: ='5'!$D$27 -> 1000
A62: ='5'!$A$1 -> 46178 | B62: ='5'!$B$28 -> BAR ICIN TOZ SEKER,YUMURTA ALIMI | C62: ='5'!$D$28 -> 615
A63: ='5'!$A$1 -> 46178 | B63: ='5'!$B$29 -> KOLI BANT 3 ADET | C63: ='5'!$D$29 -> 195
A64: ='5'!$A$1 -> 46178 | B64: ='5'!$B$30 -> BAR ICIN PEYNIR ALIMI | C64: ='5'!$D$30 -> 14400
A65: ='5'!$A$1 -> 46178 | B65: ='5'!$B$31 -> 0 | C65: ='5'!$D$31 -> 0
A66: ='5'!$A$1 -> 46178 | B66: ='5'!$B$32 -> 0 | C66: ='5'!$D$32 -> 0
A67: ='5'!$A$1 -> 46178 | B67: ='5'!$B$33 -> 0 | C67: ='5'!$D$33 -> 0
A68: ='6'!$A$1 -> 46179 | B68: ='6'!$B$21 -> 0 | C68: ='6'!$D$21 -> 0
A69: YEMEK GİDERİ | B69: ='6'!$B$22 -> 0 | C69: ='6'!$D$22 -> 0
A70: ='6'!$A$1 -> 46179 | B70: ='6'!$B$23 -> 0 | C70: ='6'!$D$23 -> 0
A71: ='6'!$A$1 -> 46179 | B71: ='6'!$B$24 -> 0 | C71: ='6'!$D$24 -> 0
A72: ='6'!$A$1 -> 46179 | B72: ='6'!$B$25 -> 0 | C72: ='6'!$D$25 -> 0
A73: ='6'!$A$1 -> 46179 | B73: ='6'!$B$26 -> 0 | C73: ='6'!$D$26 -> 0
A74: ='6'!$A$1 -> 46179 | B74: ='6'!$B$27 -> 0 | C74: ='6'!$D$27 -> 0
A75: ='6'!$A$1 -> 46179 | B75: ='6'!$B$28 -> 0 | C75: ='6'!$D$28 -> 0
A76: ='6'!$A$1 -> 46179 | B76: ='6'!$B$29 -> 0 | C76: ='6'!$D$29 -> 0
A77: ='6'!$A$1 -> 46179 | B77: ='6'!$B$30 -> 0 | C77: ='6'!$D$30 -> 0
A78: ='6'!$A$1 -> 46179 | B78: ='6'!$B$31 -> 0 | C78: ='6'!$D$31 -> 0
A79: ='6'!$A$1 -> 46179 | B79: ='6'!$B$32 -> 0 | C79: ='6'!$D$32 -> 0
A80: ='6'!$A$1 -> 46179 | B80: ='6'!$B$33 -> 0 | C80: ='6'!$D$33 -> 0
A81: ='7'!$A$1 -> 46180 | B81: ='7'!$B$21 -> 0 | C81: ='7'!$D$21 -> 0
A82: ='7'!$A$1 -> 46180 | B82: ='7'!$B$22 -> 0 | C82: ='7'!$D$22 -> 0
A83: ='7'!$A$1 -> 46180 | B83: ='7'!$B$23 -> 0 | C83: ='7'!$D$23 -> 0
A84: ='7'!$A$1 -> 46180 | B84: ='7'!$B$24 -> 0 | C84: ='7'!$D$24 -> 0
A85: ='7'!$A$1 -> 46180 | B85: ='7'!$B$25 -> 0 | C85: ='7'!$D$25 -> 0
A86: ='7'!$A$1 -> 46180 | B86: ='7'!$B$26 -> 0 | C86: ='7'!$D$26 -> 0
A87: ='7'!$A$1 -> 46180 | B87: ='7'!$B$27 -> 0 | C87: ='7'!$D$27 -> 0
A88: ='7'!$A$1 -> 46180 | B88: ='7'!$B$28 -> 0 | C88: ='7'!$D$28 -> 0
A89: ='7'!$A$1 -> 46180 | B89: ='7'!$B$29 -> 0 | C89: ='7'!$D$29 -> 0
A90: ='7'!$A$1 -> 46180 | B90: ='7'!$B$30 -> 0 | C90: ='7'!$D$30 -> 0
A91: ='7'!$A$1 -> 46180 | B91: ='7'!$B$31 -> 0 | C91: ='7'!$D$31 -> 0
A92: ='7'!$A$1 -> 46180 | B92: ='7'!$B$32 -> 0 | C92: ='7'!$D$32 -> 0
A93: ='7'!$A$1 -> 46180 | B93: ='7'!$B$33 -> 0 | C93: ='7'!$D$33 -> 0
A94: ='8'!$A$1 -> 46181 | B94: ='8'!$B$21 -> 0 | C94: ='8'!$D$21 -> 0
A95: ='8'!$A$1 -> 46181 | B95: ='8'!$B$22 -> 0 | C95: ='8'!$D$22 -> 0
A96: ='8'!$A$1 -> 46181 | B96: ='8'!$B$23 -> 0 | C96: ='8'!$D$23 -> 0
A97: ='8'!$A$1 -> 46181 | B97: ='8'!$B$24 -> 0 | C97: ='8'!$D$24 -> 0
A98: ='8'!$A$1 -> 46181 | B98: ='8'!$B$25 -> 0 | C98: ='8'!$D$25 -> 0
A99: ='8'!$A$1 -> 46181 | B99: ='8'!$B$26 -> 0 | C99: ='8'!$D$26 -> 0
A100: ='8'!$A$1 -> 46181 | B100: ='8'!$B$27 -> 0 | C100: ='8'!$D$27 -> 0
...

Sheet ORGANİZASYON BAZLI DEĞERLENDİRM
B2: TOPLAM İŞLETME GİDERLERİ | C2: TUTAR | E2: =D4+D5+D6+D7+D8+D9+D10+D11 -> 0
B3: KİRA GİDERİ | C3: 73013.68
B4: PERSONEL GİDERİ | C4: 746530.65
B5: ARAÇ KİRALAMA | C5: 37500
B6: REKLAM TANITIM GİDERİ | C6: 15000
B7: BİLETİX, BİLETİNE VE PASSO BİLET KOMİSYON GİDERLERİ | C7: 94726.32
B8: ELEKTRİK GİDERLERİ | C8: 41500
B9: İLETİŞİM GİDERLERİ TELEFON, İNTERNET VE DİĞER | C9: 2750
B10: İŞLETME AİDAT GİDERLERİ | C10: 37000
B11: SARF MALZEME GİDERLERİ | C11: 28823.902
B12: BANKA KK KOMİSYON VE FAZİ GİDERLERİ | C12: 119392.55
B13: TOPLAM | C13: =SUM(C3:C12) -> 1196237.1
A15: TARİH | B15: ORGANİZASYON ADI | C15: KİŞİ SAYISI | D15: CİRO | E15: DEĞİŞKEN GİDER TOPLAMI | F15: İŞLETME GİDERLERİ | G15: NET KAR
A16: ='1'!$A$1 -> 46174 | B16: ='1'!$A$84 -> 0 | C16: ='1'!$C$3 -> 0 | D16: ='1'!$E$2 -> 0 | E16: ='1'!$B$81 -> 0 | F16: =$C$13/30 -> 39874.57 | G16: =D16-E16-F16 -> -39874.57 | I16: =E16='1'!$B$81 -> TRUE
A17: ='2'!$A$1 -> 46175 | B17: ='2'!$A$84 -> 0 | C17: ='2'!$C$3 -> 0 | D17: ='2'!$E$2 -> 0 | E17: ='2'!$B$81 -> 0 | F17: =$C$13/30 -> 39874.57 | G17: =D17-E17-F17 -> -39874.57 | I17: =E17='2'!B81 -> TRUE
A18: ='3'!$A$1 -> 46176 | B18: ='3'!$A$84 -> 0 | C18: ='3'!$C$3 -> 0 | D18: ='3'!$E$2 -> 0 | E18: ='3'!$B$81 -> 0 | F18: =$C$13/30 -> 39874.57 | G18: =D18-E18-F18 -> -39874.57 | I18: =E18='3'!B81 -> TRUE
A19: ='4'!$A$1 -> 46177 | B19: ='4'!$A$84 -> 0 | C19: ='4'!$C$3 -> 0 | D19: ='4'!$E$2 -> 0 | E19: ='4'!$B$81 -> 0 | F19: =$C$13/30 -> 39874.57 | G19: =D19-E19-F19 -> -39874.57 | I19: =E19='4'!B81 -> TRUE
A20: ='5'!$A$1 -> 46178 | B20: ='5'!$A$84 -> SEDA METE CANLI PERFORMANS | C20: ='5'!$C$3 -> 45 | D20: ='5'!$E$2 -> 268265 | E20: ='5'!$B$81 -> 297227.46 | F20: =$C$13/30 -> 39874.57 | G20: =D20-E20-F20 -> -68837.035 | I20: =E20='5'!B81 -> TRUE
A21: ='6'!$A$1 -> 46179 | B21: ='6'!$A$84 -> 0 | C21: ='6'!$C$3 -> 0 | D21: ='6'!$E$2 -> 0 | E21: ='6'!$B$81 -> 0 | F21: =$C$13/30 -> 39874.57 | G21: =D21-E21-F21 -> -39874.57 | I21: =E21='6'!B81 -> TRUE
A22: ='7'!$A$1 -> 46180 | B22: ='7'!$A$84 -> 0 | C22: ='7'!$C$3 -> 0 | D22: ='7'!$E$2 -> 0 | E22: ='7'!$B$81 -> 0 | F22: =$C$13/30 -> 39874.57 | G22: =D22-E22-F22 -> -39874.57 | I22: =E22='7'!B81 -> TRUE
A23: ='8'!$A$1 -> 46181 | B23: ='8'!$A$84 -> 0 | C23: ='8'!$C$3 -> 0 | D23: ='8'!$E$2 -> 0 | E23: ='8'!$B$81 -> 0 | F23: =$C$13/30 -> 39874.57 | G23: =D23-E23-F23 -> -39874.57 | I23: =E23='8'!B81 -> TRUE
A24: ='9'!$A$1 -> 46182 | B24: ='9'!$A$84 -> 0 | C24: ='9'!$C$3 -> 0 | D24: ='9'!$E$2 -> 0 | E24: ='9'!$B$81 -> 0 | F24: =$C$13/30 -> 39874.57 | G24: =D24-E24-F24 -> -39874.57 | I24: =E24='9'!B81 -> TRUE
A25: ='10'!$A$1 -> 46183 | B25: ='10'!$A$84 -> 0 | C25: ='10'!$C$3 -> 0 | D25: ='10'!$E$2 -> 0 | E25: ='10'!$B$81 -> 0 | F25: =$C$13/30 -> 39874.57 | G25: =D25-E25-F25 -> -39874.57 | I25: =E25='10'!B81 -> TRUE
A26: ='11'!$A$1 -> 46184 | B26: ='11'!$A$84 -> 0 | C26: ='11'!$C$3 -> 0 | D26: ='11'!$E$2 -> 0 | E26: ='11'!$B$81 -> 0 | F26: =$C$13/30 -> 39874.57 | G26: =D26-E26-F26 -> -39874.57 | I26: =E26='11'!B81 -> TRUE
A27: ='12'!$A$1 -> 46185 | B27: ='12'!$A$84 -> 0 | C27: ='12'!$C$3 -> 0 | D27: ='12'!$E$2 -> 0 | E27: ='12'!$B$81 -> 0 | F27: =$C$13/30 -> 39874.57 | G27: =D27-E27-F27 -> -39874.57 | I27: =E27='12'!B81 -> TRUE
A28: ='13'!$A$1 -> 46186 | B28: ='13'!$A$84 -> 0 | C28: ='13'!$C$3 -> 0 | D28: ='13'!$E$2 -> 0 | E28: ='13'!$B$81 -> 0 | F28: =$C$13/30 -> 39874.57 | G28: =D28-E28-F28 -> -39874.57 | I28: =E28='13'!B81 -> TRUE
A29: ='14'!$A$1 -> 46187 | B29: ='14'!$A$84 -> 0 | C29: ='14'!$C$3 -> 0 | D29: ='14'!$E$2 -> 0 | E29: ='14'!$B$81 -> 0 | F29: =$C$13/30 -> 39874.57 | G29: =D29-E29-F29 -> -39874.57 | I29: =E29='14'!B81 -> TRUE
A30: ='15'!$A$1 -> 46188 | B30: ='15'!$A$84 -> 0 | C30: ='15'!$C$3 -> 0 | D30: ='15'!$E$2 -> 0 | E30: ='15'!$B$81 -> 0 | F30: =$C$13/30 -> 39874.57 | G30: =D30-E30-F30 -> -39874.57 | I30: =E30='15'!$B$81 -> TRUE
A31: ='16'!$A$1 -> 46189 | B31: ='16'!$A$84 -> 0 | C31: ='16'!$C$3 -> 0 | D31: ='16'!$E$2 -> 0 | E31: ='16'!$B$81 -> 0 | F31: =$C$13/30 -> 39874.57 | G31: =D31-E31-F31 -> -39874.57 | I31: =E31='16'!$B$81 -> TRUE
A32: ='17'!$A$1 -> 46190 | B32: ='17'!$A$84 -> 0 | C32: ='17'!$C$3 -> 0 | D32: ='17'!$E$2 -> 0 | E32: ='17'!$B$81 -> 0 | F32: =$C$13/30 -> 39874.57 | G32: =D32-E32-F32 -> -39874.57 | I32: =E32='17'!$B$81 -> TRUE
A33: ='18'!$A$1 -> 46191 | B33: ='18'!$A$84 -> 0 | C33: ='18'!$C$3 -> 0 | D33: ='18'!$E$2 -> 0 | E33: ='18'!$B$81 -> 0 | F33: =$C$13/30 -> 39874.57 | G33: =D33-E33-F33 -> -39874.57 | I33: =E33='18'!$B$81 -> TRUE
A34: ='19'!$A$1 -> 46192 | B34: ='19'!$A$84 -> 0 | C34: ='19'!$C$3 -> 0 | D34: ='19'!$E$2 -> 0 | E34: ='19'!$B$81 -> 0 | F34: =$C$13/30 -> 39874.57 | G34: =D34-E34-F34 -> -39874.57 | I34: =E34='19'!$B$81 -> TRUE
A35: ='20'!$A$1 -> 46193 | B35: ='20'!$A$84 -> 0 | C35: ='20'!$C$3 -> 0 | D35: ='20'!$E$2 -> 0 | E35: ='20'!$B$81 -> 0 | F35: =$C$13/30 -> 39874.57 | G35: =D35-E35-F35 -> -39874.57 | I35: =E35='20'!$B$81 -> TRUE
A36: ='21'!$A$1 -> 46194 | B36: ='21'!$A$84 -> 0 | C36: ='21'!$C$3 -> 0 | D36: ='21'!$E$2 -> 0 | E36: ='21'!$B$81 -> 0 | F36: =$C$13/30 -> 39874.57 | G36: =D36-E36-F36 -> -39874.57 | I36: =E36='21'!$B$81 -> TRUE
A37: ='22'!$A$1 -> 46195 | B37: ='22'!$A$84 -> 0 | C37: ='22'!$C$3 -> 0 | D37: ='22'!$E$2 -> 0 | E37: ='22'!$B$81 -> 0 | F37: =$C$13/30 -> 39874.57 | G37: =D37-E37-F37 -> -39874.57 | I37: =E37='22'!$B$81 -> TRUE
A38: ='23'!$A$1 -> 46196 | B38: ='23'!$A$84 -> 0 | C38: ='23'!$C$3 -> 0 | D38: ='23'!$E$2 -> 0 | E38: ='23'!$B$81 -> 0 | F38: =$C$13/30 -> 39874.57 | G38: =D38-E38-F38 -> -39874.57 | I38: =E38='23'!$B$81 -> TRUE
A39: ='24'!$A$1 -> 46197 | B39: ='24'!$A$84 -> 0 | C39: ='24'!$C$3 -> 0 | D39: ='24'!$E$2 -> 0 | E39: ='24'!$B$81 -> 0 | F39: =$C$13/30 -> 39874.57 | G39: =D39-E39-F39 -> -39874.57 | I39: =E39='24'!$B$81 -> TRUE
A40: ='25'!$A$1 -> 46198 | B40: ='25'!$A$84 -> 0 | C40: ='25'!$C$3 -> 0 | D40: ='25'!$E$2 -> 0 | E40: ='25'!$B$81 -> 0 | F40: =$C$13/30 -> 39874.57 | G40: =D40-E40-F40 -> -39874.57 | I40: =E40='25'!$B$81 -> TRUE
A41: ='26'!$A$1 -> 46199 | B41: ='26'!$A$84 -> 0 | C41: ='26'!$C$3 -> 0 | D41: ='26'!$E$2 -> 0 | E41: ='26'!$B$81 -> 0 | F41: =$C$13/30 -> 39874.57 | G41: =D41-E41-F41 -> -39874.57 | I41: =E41='26'!$B$81 -> TRUE
A42: ='27'!$A$1 -> 46200 | B42: ='27'!$A$84 -> 0 | C42: ='27'!$C$3 -> 0 | D42: ='27'!$E$2 -> 0 | E42: ='27'!$B$81 -> 0 | F42: =$C$13/30 -> 39874.57 | G42: =D42-E42-F42 -> -39874.57 | I42: =E42='27'!$B$81 -> TRUE
A43: ='28'!$A$1 -> 46201 | B43: ='28'!$A$84 -> 0 | C43: ='28'!$C$3 -> 0 | D43: ='28'!$E$2 -> 0 | E43: ='28'!$B$81 -> 0 | F43: =$C$13/30 -> 39874.57 | G43: =D43-E43-F43 -> -39874.57 | I43: =E43='28'!$B$81 -> TRUE
A44: ='29'!$A$1 -> 46202 | B44: ='29'!$A$84 -> 0 | C44: ='29'!$C$3 -> 0 | D44: ='29'!$E$2 -> 0 | E44: ='29'!$B$81 -> 0 | F44: =$C$13/30 -> 39874.57 | G44: =D44-E44-F44 -> -39874.57 | I44: =E44='29'!$B$81 -> TRUE
A45: ='30'!$A$1 -> 46203 | B45: ='30'!$A$84 -> 0 | C45: ='30'!$C$3 -> 0 | D45: ='30'!$E$2 -> 0 | E45: ='30'!$B$81 -> 0 | F45: =$C$13/30 -> 39874.57 | G45: =D45-E45-F45 -> -39874.57 | I45: =E45='30'!$B$81 -> TRUE
A46: ='31'!$A$1 -> 46204 | B46: ='31'!$A$84 -> 0 | C46: ='31'!$C$3 -> 0 | D46: ='31'!$E$2 -> 0 | E46: ='31'!$B$81 -> 0 | G46: =D46-E46-F46 -> 0 | I46: =E46='31'!$B$81 -> TRUE
A47: GENEL TOPLAM | C47: =SUM(C16:C46) -> 45 | D47: =SUM(D16:D46) -> 268265 | E47: =SUM(E16:E46) -> 297227.46 | F47: =SUM(F16:F46) -> 1196237.1 | G47: =SUM(G16:G46) -> -1225199.6
E48: =E47-I47 -> 297227.46
A70: YEMEK GİDERİ

Sheet SERVİS HAKEDİŞ TABLOSU
A1: HAZİRAN 2026 DÖNEMİ SERVİS DAĞILIM TABLOSU
A2: TARİH | B2: GÜNÜN SERVİS TUTARI | C2: GÜNLÜK PUANTAJ | D2: PUAN BAŞINA DÜŞEN HAKEDİŞ | E2: BERKAY AĞACIK | F2: AHMET TANRIVERDİ | G2: CANER ÖMÜR | H2: EMRAH SARIYEL | I2: AYŞE | J2: SİNAN AKSU | K2: TOLGA ÇAKIR | L2: NURETTİN ATILMIŞ | M2: TOPLAM PUAN | N2: SAĞLAMA
E3: 12 | F3: 10 | G3: 10 | H3: 8 | I3: 8 | L3: 5 | M3: =SUM(E3:L3) -> 53
A4: ='1'!A1 -> 46174 | B4: ='1'!$I$84 -> 0 | C4: =M3 -> 53 | D4: =B4/C4 -> 0 | E4: =D4*$E$3 -> 0 | F4: =D4*$F$3 -> 0 | G4: =D4*$G$3 -> 0 | H4: =D4*$H$3 -> 0 | I4: =D4*$I$3 -> 0 | J4: YOK | K4: YOK | L4: =D4*$L$3 -> 0 | M4: =SUM(E4:L4) -> 0 | N4: =B4=M4 -> TRUE
A5: =A4+1 -> 46175 | B5: ='2'!$I$84 -> 0 | C5: =C4 -> 53 | D5: =B5/C5 -> 0 | E5: =D5*$E$3 -> 0 | F5: =D5*$F$3 -> 0 | G5: =D5*$G$3 -> 0 | H5: =D5*$H$3 -> 0 | I5: =D5*$I$3 -> 0 | J5: YOK | K5: YOK | L5: =D5*$L$3 -> 0 | M5: =SUM(E5:L5) -> 0 | N5: =B5=M5 -> TRUE
A6: =A5+1 -> 46176 | B6: ='3'!$I$84 -> 0 | C6: =C5 -> 53 | D6: =B6/C6 -> 0 | E6: =D6*$E$3 -> 0 | F6: =D6*$F$3 -> 0 | G6: =D6*$G$3 -> 0 | H6: =D6*$H$3 -> 0 | I6: =D6*$I$3 -> 0 | J6: YOK | K6: YOK | L6: =D6*$L$3 -> 0 | M6: =SUM(E6:L6) -> 0 | N6: =B6=M6 -> TRUE
A7: =A6+1 -> 46177 | B7: ='4'!$I$84 -> 0 | C7: =C6 -> 53 | D7: =B7/C7 -> 0 | E7: =D7*$E$3 -> 0 | F7: =D7*$F$3 -> 0 | G7: =D7*$G$3 -> 0 | H7: =D7*$H$3 -> 0 | I7: =D7*$I$3 -> 0 | J7: YOK | K7: YOK | L7: =D7*$L$3 -> 0 | M7: =SUM(E7:L7) -> 0 | N7: =B7=M7 -> TRUE
A8: =A7+1 -> 46178 | B8: ='5'!$I$84 -> 0 | C8: =C7 -> 53 | D8: =B8/C8 -> 0 | E8: =D8*$E$3 -> 0 | F8: =D8*$F$3 -> 0 | G8: =D8*$G$3 -> 0 | H8: =D8*$H$3 -> 0 | I8: =D8*$I$3 -> 0 | J8: YOK | K8: YOK | L8: =D8*$L$3 -> 0 | M8: =SUM(E8:L8) -> 0 | N8: =B8=M8 -> TRUE
A9: =A8+1 -> 46179 | B9: ='6'!$I$84 -> 0 | C9: =C8 -> 53 | D9: =B9/C9 -> 0 | E9: =D9*$E$3 -> 0 | F9: =D9*$F$3 -> 0 | G9: =D9*$G$3 -> 0 | H9: =D9*$H$3 -> 0 | I9: =D9*$I$3 -> 0 | J9: YOK | K9: YOK | L9: =D9*$L$3 -> 0 | M9: =SUM(E9:L9) -> 0 | N9: =B9=M9 -> TRUE
A10: =A9+1 -> 46180 | B10: ='7'!$I$84 -> 0 | C10: =C9 -> 53 | D10: =B10/C10 -> 0 | E10: =D10*$E$3 -> 0 | F10: =D10*$F$3 -> 0 | G10: =D10*$G$3 -> 0 | H10: =D10*$H$3 -> 0 | I10: =D10*$I$3 -> 0 | J10: YOK | K10: YOK | L10: =D10*$L$3 -> 0 | M10: =SUM(E10:L10) -> 0 | N10: =B10=M10 -> TRUE
A11: =A10+1 -> 46181 | B11: ='8'!$I$84 -> 0 | C11: =C10 -> 53 | D11: =B11/C11 -> 0 | E11: =D11*$E$3 -> 0 | F11: =D11*$F$3 -> 0 | G11: =D11*$G$3 -> 0 | H11: =D11*$H$3 -> 0 | I11: =D11*$I$3 -> 0 | J11: YOK | K11: YOK | L11: =D11*$L$3 -> 0 | M11: =SUM(E11:L11) -> 0 | N11: =B11=M11 -> TRUE
A12: =A11+1 -> 46182 | B12: ='9'!$I$84 -> 0 | C12: =C11 -> 53 | D12: =B12/C12 -> 0 | E12: =D12*$E$3 -> 0 | F12: =D12*$F$3 -> 0 | G12: =D12*$G$3 -> 0 | H12: =D12*$H$3 -> 0 | I12: =D12*$I$3 -> 0 | J12: YOK | K12: YOK | L12: =D12*$L$3 -> 0 | M12: =SUM(E12:L12) -> 0 | N12: =B12=M12 -> TRUE
A13: =A12+1 -> 46183 | B13: ='10'!$I$84 -> 0 | C13: =C12 -> 53 | D13: =B13/C13 -> 0 | E13: =D13*$E$3 -> 0 | F13: =D13*$F$3 -> 0 | G13: =D13*$G$3 -> 0 | H13: =D13*$H$3 -> 0 | I13: =D13*$I$3 -> 0 | J13: YOK | K13: YOK | L13: =D13*$L$3 -> 0 | M13: =SUM(E13:L13) -> 0 | N13: =B13=M13 -> TRUE
A14: =A13+1 -> 46184 | B14: ='11'!$I$84 -> 0 | C14: 61 | D14: =B14/C14 -> 0 | E14: =D14*$E$3 -> 0 | F14: =D14*$F$3 -> 0 | G14: =D14*$G$3 -> 0 | H14: =D14*$H$3 -> 0 | I14: =D14*$I$3 -> 0 | J14: YOK | K14: YOK | L14: =D14*$L$3 -> 0 | M14: =SUM(E14:L14) -> 0 | N14: =B14=M14 -> TRUE
A15: =A14+1 -> 46185 | B15: ='12'!$I$84 -> 0 | C15: =C14 -> 61 | D15: =B15/C15 -> 0 | E15: =D15*$E$3 -> 0 | F15: =D15*$F$3 -> 0 | G15: =D15*$G$3 -> 0 | H15: =D15*$H$3 -> 0 | I15: =D15*$I$3 -> 0 | J15: YOK | K15: YOK | L15: =D15*$L$3 -> 0 | M15: =SUM(E15:L15) -> 0 | N15: =B15=M15 -> TRUE
A16: =A15+1 -> 46186 | B16: ='13'!$I$84 -> 0 | C16: =C15 -> 61 | D16: =B16/C16 -> 0 | E16: =D16*$E$3 -> 0 | F16: =D16*$F$3 -> 0 | G16: =D16*$G$3 -> 0 | H16: =D16*$H$3 -> 0 | I16: =D16*$I$3 -> 0 | J16: YOK | K16: YOK | L16: =D16*$L$3 -> 0 | M16: =SUM(E16:L16) -> 0 | N16: =B16=M16 -> TRUE
A17: =A16+1 -> 46187 | B17: ='14'!$I$84 -> 0 | C17: =C16 -> 61 | D17: =B17/C17 -> 0 | E17: =D17*$E$3 -> 0 | F17: =D17*$F$3 -> 0 | G17: =D17*$G$3 -> 0 | H17: =D17*$H$3 -> 0 | I17: =D17*$I$3 -> 0 | J17: YOK | K17: YOK | L17: =D17*$L$3 -> 0 | M17: =SUM(E17:L17) -> 0 | N17: =B17=M17 -> TRUE
A18: =A17+1 -> 46188 | B18: ='15'!$I$84 -> 0 | C18: =C17 -> 61 | D18: =B18/C18 -> 0 | E18: =D18*$E$3 -> 0 | F18: =D18*$F$3 -> 0 | G18: =D18*$G$3 -> 0 | H18: =D18*$H$3 -> 0 | I18: =D18*$I$3 -> 0 | J18: YOK | K18: YOK | L18: =D18*$L$3 -> 0 | M18: =SUM(E18:L18) -> 0 | N18: =B18=M18 -> TRUE
A19: =A18+1 -> 46189 | B19: ='16'!$I$84 -> 0 | C19: =C18 -> 61 | D19: =B19/C19 -> 0 | E19: =D19*$E$3 -> 0 | F19: =D19*$F$3 -> 0 | G19: =D19*$G$3 -> 0 | H19: =D19*$H$3 -> 0 | I19: =D19*$I$3 -> 0 | J19: YOK | K19: YOK | L19: =D19*$L$3 -> 0 | M19: =SUM(E19:L19) -> 0 | N19: =B19=M19 -> TRUE
A20: =A19+1 -> 46190 | B20: ='17'!$I$84 -> 0 | C20: 61 | D20: =B20/C20 -> 0 | E20: =D20*$E$3 -> 0 | F20: =D20*$F$3 -> 0 | G20: =D20*$G$3 -> 0 | H20: =D20*$H$3 -> 0 | I20: =D20*$I$3 -> 0 | J20: YOK | K20: YOK | L20: =D20*$L$3 -> 0 | M20: =SUM(E20:L20) -> 0 | N20: =B20=M20 -> TRUE
A21: =A20+1 -> 46191 | B21: ='18'!$I$84 -> 0 | C21: =C20 -> 61 | D21: =B21/C21 -> 0 | E21: =D21*$E$3 -> 0 | F21: =D21*$F$3 -> 0 | G21: =D21*$G$3 -> 0 | H21: =D21*$H$3 -> 0 | I21: =D21*$I$3 -> 0 | J21: YOK | K21: YOK | L21: =D21*$L$3 -> 0 | M21: =SUM(E21:L21) -> 0 | N21: =B21=M21 -> TRUE
A22: =A21+1 -> 46192 | B22: ='19'!$I$84 -> 0 | C22: =C21 -> 61 | D22: =B22/C22 -> 0 | E22: =D22*$E$3 -> 0 | F22: =D22*$F$3 -> 0 | G22: =D22*$G$3 -> 0 | H22: =D22*$H$3 -> 0 | I22: =D22*$I$3 -> 0 | J22: YOK | K22: YOK | L22: =D22*$L$3 -> 0 | M22: =SUM(E22:L22) -> 0 | N22: =B22=M22 -> TRUE
A23: =A22+1 -> 46193 | B23: ='20'!$I$84 -> 0 | C23: =C22 -> 61 | D23: =B23/C23 -> 0 | E23: =D23*$E$3 -> 0 | F23: =D23*$F$3 -> 0 | G23: =D23*$G$3 -> 0 | H23: =D23*$H$3 -> 0 | I23: =D23*$I$3 -> 0 | J23: YOK | K23: YOK | L23: =D23*$L$3 -> 0 | M23: =SUM(E23:L23) -> 0 | N23: =B23=M23 -> TRUE
A24: =A23+1 -> 46194 | B24: ='21'!$I$84 -> 0 | C24: =C23 -> 61 | D24: =B24/C24 -> 0 | E24: =D24*$E$3 -> 0 | F24: =D24*$F$3 -> 0 | G24: =D24*$G$3 -> 0 | H24: =D24*$H$3 -> 0 | I24: =D24*$I$3 -> 0 | J24: YOK | K24: YOK | L24: =D24*$L$3 -> 0 | M24: =SUM(E24:L24) -> 0 | N24: =B24=M24 -> TRUE
A25: =A24+1 -> 46195 | B25: ='22'!$I$84 -> 0 | C25: =C24 -> 61 | D25: =B25/C25 -> 0 | E25: =D25*$E$3 -> 0 | F25: =D25*$F$3 -> 0 | G25: =D25*$G$3 -> 0 | H25: =D25*$H$3 -> 0 | I25: =D25*$I$3 -> 0 | J25: YOK | K25: YOK | L25: =D25*$L$3 -> 0 | M25: =SUM(E25:L25) -> 0 | N25: =B25=M25 -> TRUE
A26: =A25+1 -> 46196 | B26: ='23'!$I$84 -> 0 | C26: =C25 -> 61 | D26: =B26/C26 -> 0 | E26: =D26*$E$3 -> 0 | F26: =D26*$F$3 -> 0 | G26: =D26*$G$3 -> 0 | H26: =D26*$H$3 -> 0 | I26: =D26*$I$3 -> 0 | J26: YOK | K26: YOK | L26: =D26*$L$3 -> 0 | M26: =SUM(E26:L26) -> 0 | N26: =B26=M26 -> TRUE
A27: =A26+1 -> 46197 | B27: ='24'!$I$84 -> 0 | C27: =C26 -> 61 | D27: =B27/C27 -> 0 | E27: =D27*$E$3 -> 0 | F27: =D27*$F$3 -> 0 | G27: =D27*$G$3 -> 0 | H27: =D27*$H$3 -> 0 | I27: =D27*$I$3 -> 0 | J27: YOK | K27: YOK | L27: =D27*$L$3 -> 0 | M27: =SUM(E27:L27) -> 0 | N27: =B27=M27 -> TRUE
A28: =A27+1 -> 46198 | B28: ='25'!$I$84 -> 0 | C28: =C27 -> 61 | D28: =B28/C28 -> 0 | E28: =D28*$E$3 -> 0 | F28: =D28*$F$3 -> 0 | G28: =D28*$G$3 -> 0 | H28: =D28*$H$3 -> 0 | I28: =D28*$I$3 -> 0 | J28: YOK | K28: YOK | L28: =D28*$L$3 -> 0 | M28: =SUM(E28:L28) -> 0 | N28: =B28=M28 -> TRUE
A29: =A28+1 -> 46199 | B29: ='26'!$I$84 -> 0 | C29: =C28 -> 61 | D29: =B29/C29 -> 0 | E29: =D29*$E$3 -> 0 | F29: =D29*$F$3 -> 0 | G29: =D29*$G$3 -> 0 | H29: =D29*$H$3 -> 0 | I29: =D29*$I$3 -> 0 | J29: YOK | K29: YOK | L29: =D29*$L$3 -> 0 | M29: =SUM(E29:L29) -> 0 | N29: =B29=M29 -> TRUE
A30: =A29+1 -> 46200 | B30: ='27'!$I$84 -> 0 | C30: =C29 -> 61 | D30: =B30/C30 -> 0 | E30: =D30*$E$3 -> 0 | F30: =D30*$F$3 -> 0 | G30: =D30*$G$3 -> 0 | H30: =D30*$H$3 -> 0 | I30: =D30*$I$3 -> 0 | J30: YOK | K30: YOK | L30: =D30*$L$3 -> 0 | M30: =SUM(E30:L30) -> 0 | N30: =B30=M30 -> TRUE
A31: =A30+1 -> 46201 | B31: ='28'!$I$84 -> 0 | C31: =C30 -> 61 | D31: =B31/C31 -> 0 | E31: =D31*$E$3 -> 0 | F31: =D31*$F$3 -> 0 | G31: =D31*$G$3 -> 0 | H31: =D31*$H$3 -> 0 | I31: =D31*$I$3 -> 0 | J31: YOK | K31: YOK | L31: =D31*$L$3 -> 0 | M31: =SUM(E31:L31) -> 0 | N31: =B31=M31 -> TRUE
A32: =A31+1 -> 46202 | B32: ='29'!$I$84 -> 0 | C32: =C31 -> 61 | D32: =B32/C32 -> 0 | E32: =D32*$E$3 -> 0 | F32: =D32*$F$3 -> 0 | G32: =D32*$G$3 -> 0 | H32: =D32*$H$3 -> 0 | I32: =D32*$I$3 -> 0 | J32: YOK | K32: YOK | L32: =D32*$L$3 -> 0 | M32: =SUM(E32:L32) -> 0 | N32: =B32=M32 -> TRUE
A33: =A32+1 -> 46203 | B33: ='30'!$I$84 -> 0 | C33: =C32 -> 61 | D33: =B33/C33 -> 0 | E33: =D33*$E$3 -> 0 | F33: =D33*$F$3 -> 0 | G33: =D33*$G$3 -> 0 | H33: =D33*$H$3 -> 0 | I33: =D33*$I$3 -> 0 | J33: YOK | K33: YOK | L33: =D33*$L$3 -> 0 | M33: =SUM(E33:L33) -> 0 | N33: =B33=M33 -> TRUE
A34: =A33+1 -> 46204 | B34: ='31'!$I$84 -> 0 | C34: =C33 -> 61 | D34: =B34/C34 -> 0 | E34: =D34*$E$3 -> 0 | F34: =D34*$F$3 -> 0 | G34: =D34*$G$3 -> 0 | H34: =D34*$H$3 -> 0 | I34: =D34*$I$3 -> 0 | J34: YOK | K34: YOK | L34: =D34*$L$3 -> 0 | M34: =SUM(E34:L34) -> 0 | N34: =B34=M34 -> TRUE
A35: TOPLAM | B35: =SUM(B4:B34) -> 0 | E35: =SUM(E4:E34) -> 0 | F35: =SUM(F4:F34) -> 0 | G35: =SUM(G4:G34) -> 0 | H35: =SUM(H4:H34) -> 0 | I35: =SUM(I4:I34) -> 0 | J35: =SUM(J4:J34) -> 0 | K35: =SUM(K4:K34) -> 0 | L35: =SUM(L4:L34) -> 0 | M35: =SUM(M4:M34) -> 0 | N35: =B35=M35 -> TRUE
